6*.#%P*,KKKK:**6:C,%P-KC-KKKP
K~.C:C*,KKKK~~C~%C,K*-KC-KKKP
*6.:6**,KKKKP~6~CP,C*-KC-KKKP
:*.****,KKKK#*~PKP,CK-CC-KKKP
PK.:P~*,KKKKP:6PPP,PK-CC-KKKP
#$.C$~*,KKKKKP6~#C,*K-CC-KKKP
CP.6C~*,KKKKP$#K6C,6K-CC-KKKP
:%.$C~*,KKKKPCKK%C,%K-CC-KKKP
K%.C*P*,KKKKKK#%6C,#K-CC-KKKP
$*.KKP*,KKKK%%P~:C,:K-CC-KKKP
::.#PK*,KKKK*::%%C,KC-CC-KKKP
P%.66:P,KKKK**#~KP,*C-CC-KKKP
%P.#*C*,KKKKC*$#%C,~C-CC-KKKP
:~.$6C*,KKKK~:$K%C,$C-CC-KKKP
##.C*K*,KKKKC%*P$C,6C-CC-KKKP
:C.%PK*,KKKK$#K6%C,%C-CC-KKKP
~6.$%#P,KKKK:P6C%C,KP-CC-KKKP
$~.C%#P,KKKK#*:~%C,CP-CC-KKKP
~*.$$%P,KKKK*C$##C,PP-CC-KKKP
#*.~K:P,KKKKK6C#%C,~P-CC-KKKP
:~.K##P,KKKK%$6K%C,%P-CC-KKKP
#:.~*%P,KKKK%::C:C,#P-CC-KKKP
*:.6K%P,KKKKP%$$KP,:P-CC-KKKP
*:.%:$P,KKKK%P6*%P,K*-CC-KKKP
:P.$~6P,KKKK%:CPPP,CK-PC-KKKP
$%.$C6P,KKKK#~K6#C,~K-PC-KKKP
K#.:##P,KKKK%6~%~P,$K-PC-KKKP
K$.6:%P,KKKK#P#K*P,6K-PC-KKKP
66.P$%P,KKKKC#6$%C,%K-PC-KKKP
*~.%C:P,KKKK$6#P*P,#K-PC-KKKP
KC.$CK*,KKKK6%%~~P,CC-PC-KKKP
%%.C*:P,KKKK*K:C:C,PC-PC-KKKP
%%.PP#P,KKKK$PP~KP,*C-PC-KKKP
C$.#P%P,KKKK~6K%%C,~C-PC-KKKP
%P.*$6P,KKKK:6K%%P,$C-PC-KKKP
P$.~P6P,KKKK::$6KP,#C-PC-KKKP
C%.CC$P,KKKKKP%C*P,:C-PC-KKKP
#%.P**P,KKKK$C$$#P,KP-PC-KKKP
PC.K~*P,KKKK%:6#6P,CP-PC-KKKP
PK.%C$P,KKKKC~$*PP,PP-PC-KKKP
P$.*:~P,KKKKK%#$$C,6P-PC-KKKP
$*.:*$P,KKKK$6PKKP,%P-PC-KKKP
6%.%$$P,KKKK*CP:CP,#P-PC-KKKP
P$.K%~P,KKKK6%C*$P,:P-PC-KKKP
6#.C:PP,KKKK*:#C:C,PK-CK-CKKP
:6.6C6P,KKKKKK##C*,*K-CK-CKKP
*#.66$P,KKKK#6KC6P,~K-CK-CKKP
$6.%K~P,KKKK%6~KCP,$K-CK-CKKP
P:.$:*P,KKKK:$K$#C,#K-CK-CKKP
K*.C~~P,KKKK*C$%:C,:K-CK-CKKP
#C.~P$P,KKKK$*K%~P,KC-CK-CKKP
%$.K~6P,KKKK~6P~#P,CC-CK-CKKP
K$.6P6P,KKKK$##C$P,PC-CK-CKKP
$$.#C6P,KKKK~:*%KP,6C-CK-CKKP
#%.P#6P,KKKK:C:C#P,%C-CK-CKKP
:~.#6%P,KKKKC%#$$P,#C-CK-CKKP
#*.K%%P,KKKK:C%:6P,:C-CK-CKKP
C:.%$%P,KKKK~C%*KP,PP-CK-CKKP
:*.K~#P,KKKK%~#%PP,*P-CK-CKKP
$C.:$#P,KKKKP*%6$P,~P-CK-CKKP
#P.~$%P,KKKK$C#:PP,$P-CK-CKKP
K*.C#%P,KKKKK##6PP,6P-CK-CKKP
~*.#*#P,KKKK*CK%:C,:P-CK-CKKP
$*.#*#P,KKKK:$*%KP,K*-CK-CKKP
*%.P%%P,KKKKC*%%PP,C*-CK-CKKP
:%.P#%P,KKKK6P6%%C,CK-PK-CKKP
K$.K66P,KKKKK:6K%C,PK-PK-CKKP
CP.*~6P,KKKK6%#~6C,$K-PK-CKKP
:~.~66P,KKKKP:##%C,6K-PK-CKKP
P#.%K6P,KKKKP:6$KP,%K-PK-CKKP
6K.P6$P,KKKK6*P$#C,#K-PK-CKKP
%:.K%~P,KKKKC:C##C,:K-PK-CKKP
66.:#~P,KKKKPPC$%C,PC-PK-CKKP
P%.%P~P,KKKK$$#P%C,*C-PK-CKKP
K~.C:~P,KKKK$*%#:C,~C-PK-CKKP
C:.P$$P,KKKK*:6KCP,$C-PK-CKKP
#*.$P~P,KKKKKPP:#C,6C-PK-CKKP
$*.#C*P,KKKK~*#%#C,KP-PK-CKKP
~:.#6PP,KKKK~%:CKP,CP-PK-CKKP
6:.~~PP,KKKK%~*#~P,PP-PK-CKKP
C$.P6PP,KKKKC:%*PP,*P-PK-CKKP
K$.#K*P,KKKK6K:*%C,6P-PK-CKKP
P#.%KPP,KKKK~$#K#C,%P-PK-CKKP
*#.C$CP,KKKKK%P#KP,#P-PK-CKKP
%*.*#CP,KKKK##6$PP,CK-*K-CKKP
*6.%CCP,KKKKKC~%*P,PK-*K-CKKP
P:.P~CP,KKKK$%$:~C,$K-*K-CKKP
*~.~KPP,KKKK#*6#:C,6K-*K-CKKP
P:.*PPP,KKKKC~~%%C,%K-*K-CKKP
*%.#6CP,KKKK~C:$%C,#K-*K-CKKP
#%.P$KP,KKKKPCP6:C,:K-*K-CKKP
#*.*P:C,KKKKP#:~CP,PC-*K-CKKP
#%.~CKP,KKKKP~6:KP,*C-*K-CKKP
:K.P%:C,KKKKPP%~CP,~C-*K-CKKP
C%.K~:C,KKKK%%*6:C,$C-*K-CKKP
C:.K:#C,KKKK%PPKCP,6C-*K-CKKP
#C.C$:C,KKKK%$~%%C,:C-*K-CKKP
~~.%$#C,KKKKK$6CKP,KP-*K-CKKP
*P.K*#C,KKKK:C:KCP,CP-*K-CKKP
K%.%:#C,KKKK%%~K$P,PP-*K-CKKP
#6.#P:C,KKKK6$~#PP,*P-*K-CKKP
:~.#C:C,KKKKP6:C%C,6P-*K-CKKP
*P.P%:C,KKKKC~C$:C,%P-*K-CKKP
*C.~$#C,KKKK6PP%KP,#P-*K-CKKP
%$.KP#C,KKKK$K:%KP,:P-*K-CKKP
6P.K~#C,KKKK$K:*CP,K*-*K-CKKP
%:.P#%C,KKKK$*#~#C,PK-~K-CKKP
KK.*%6C,KKKKC~*%$P,*K-~K-CKKP
K#.#*6C,KKKK%~$6~P,~K-~K-CKKP
KK.$#%C,KKKKKK***P,$K-~K-CKKP
6*.KP%C,KKKKP%$*#C,6K-~K-CKKP
C%.$~%C,KKKK*##~~C,:K-~K-CKKP
*K.P$#C,KKKK6~*KPP,KC-~K-CKKP
$:.#:#C,KKKKCKP%*P,CC-~K-CKKP
*~.C6:C,KKKKK#PK:C,PC-~K-CKKP
%$.:K:C,KKKKC:C%$C,6C-~K-CKKP
PP.*P:C,KKKK#$KK:C,%C-~K-CKKP
~~.:%KP,KKKK$6$:C*,#C-~K-CKKP
~C.P#CP,KKKK%###%P,:C-~K-CKKP
C~.*6CP,KKKKP~~~$P,KP-~K-CKKP
P*.:$KP,KKKK*6$~#C,*P-~K-CKKP
C6.6CKP,KKKK***#:C,~P-~K-CKKP
K#.:$KP,KKKK~:#%:C,$P-~K-CKKP
##.~*KP,KKKKK##PKP,6P-~K-CKKP
#6.$%KP,KKKKK6CK#C,%P-~K-CKKP
~P.6CCP,KKKK#C%PKP,K*-~K-CKKP
~P.#6CP,KKKKP$PP:C,CK-$K-CKKP
K6.KPPP,KKKK~C~#$P,PK-$K-CKKP
KP.6~CP,KKKK##KCKP,*K-$K-CKKP
*$.C:CP,KKKKCC%$KP,~K-$K-CKKP
%$.*%CP,KKKKK6:~%C,%K-$K-CKKP
%%.#:CP,KKKK#PP:#C,#K-$K-CKKP
*6.6$CP,KKKKP$*:%C,:K-$K-CKKP
6#.#PCP,KKKK:6C~%C,KC-$K-CKKP
*~.%KCP,KKKK*:K*~C,CC-$K-CKKP
P:.C#KP,KKKK~$#**C,~C-$K-CKKP
#$.$#KP,KKKKP6KC%C,$C-$K-CKKP
~~.66CP,KKKK#$#%KP,6C-$K-CKKP
#6.*:CP,KKKKC*~$CP,%C-$K-CKKP
##.#:CP,KKKKP6P:%C,#C-$K-CKKP
:$.$K*P,KKKK#~CC*P,CP-$K-CKKP
$#.*C*P,KKKKK#~C*P,PP-$K-CKKP
#~.*~PP,KKKK:%6##C,*P-$K-CKKP
PK.P#PP,KKKK%$~6#C,~P-$K-CKKP
*K.C$PP,KKKKC~$#*C,$P-$K-CKKP
~$.$%CP,KKKK6KCP6C,:P-$K-CKKP
K$.~#KP,KKKK*PC::C,K*-$K-CKKP
:~.KCCP,KKKK%K**#C,C*-$K-CKKP
~~.:~CP,KKKKK*$$$C,CK-6K-CKKP
*:.$$CP,KKKK$*KP*C,~K-6K-CKKP
66.**PP,KKKKKC$~#C,$K-6K-CKKP
*%.%CPP,KKKK~:C%%C,6K-6K-CKKP
KK.~6PP,KKKKP$K66C,%K-6K-CKKP
KC.$CPP,KKKK*%%*~C,#K-6K-CKKP
#%.K%CP,KKKK*6#C~C,CC-6K-CKKP
$:.:6CP,KKKK6$*C%C,PC-6K-CKKP
66.CPCP,KKKK:%6~$C,*C-6K-CKKP
%K.~~KP,KKKK6%*6%C,~C-6K-CKKP
*~.#PKP,KKKK~*:KCP,$C-6K-CKKP
*6.##:C,KKKK%%%6$C,#C-6K-CKKP
66.P::C,KKKK$6K#:C,:C-6K-CKKP
~P.C*KP,KKKK6%KCCP,KP-6K-CKKP
6%.#$KP,KKKKK$K#CP,CP-6K-CKKP
~#.~*KP,KKKK#$~C%C,PP-6K-CKKP
%#.K$KP,KKKK*%C#~C,$P-6K-CKKP
P6.~6KP,KKKK#*%$6C,6P-6K-CKKP
~%.~%KP,KKKKK~6C%C,%P-6K-CKKP
6~.$PCP,KKKK6:P$:C,#P-6K-CKKP
~$.K6CP,KKKK*6C%KP,:P-6K-CKKP
P%.#~CP,KKKKP~*C$C,PK-%K-CKKP
K#.K~CP,KKKK*~#6CC,*K-%K-CKKP
CC.K#KP,KKKK#6K:PC,$K-%K-CKKP
6C.~KKP,KKKKP~C~~C,6K-%K-CKKP
C%.6PKP,KKKK*6::*C,:K-%K-CKKP
:%.P6:C,KKKK%:*66C,KC-%K-CKKP
~K.P%:C,KKKK:PK%%C,CC-%K-CKKP
~%.$%KP,KKKK:6###C,PC-%K-CKKP
:%.~#KP,KKKK6%C6$C,*C-%K-CKKP
PC.:PKP,KKKK$*:#~C,6C-%K-CKKP
P*.%6KP,KKKK:6$:6C,%C-%K-CKKP
%C.6CKP,KKKKPC#*%C,#C-%K-CKKP
:$.6~KP,KKKKPP6K:C,:C-%K-CKKP
%*.:PKP,KKKKPCP~6C,KP-%K-CKKP
6$.##:C,KKKK~$6$*C,*P-%K-CKKP
~P.:$:C,KKKKK$CK6C,~P-%K-CKKP
P*.~#:C,KKKK:~$%6C,$P-%K-CKKP
6:.PPKP,KKKK:*$6%C,6P-%K-CKKP
%K.:PKP,KKKKK#*#$C,%P-%K-CKKP
~#.%CKP,KKKK*P#**C,K*-%K-CKKP
*C.%PKP,KKKK:%CP6C,C*-%K-CKKP
#*.#6KP,KKKKPP~#%C,CK-#K-CKKP
#*.%#KP,KKKK*:$%6C,PK-#K-CKKP
**.66KP,KKKKPC$~PC,*K-#K-CKKP
6P.~*KP,KKKK$$6KCC,6K-#K-CKKP
:%.%PKP,KKKKPK#C*C,%K-#K-CKKP
6*.66:C,KKKK:6C66C,#K-#K-CKKP
P*.*6:C,KKKK$C%$~C,:K-#K-CKKP
%~.6$:C,KKKK:6P%*C,KC-#K-CKKP
$P.P#:C,KKKK~K%~CC,*C-#K-CKKP
*$.~6:C,KKKK6#C*PC,~C-#K-CKKP
:#.#C:C,KKKK*:*6~C,$C-#K-CKKP
P*.K*:C,KKKK:%*C6C,6C-#K-CKKP
CK.%6#C,KKKKC$CK*C,%C-#K-CKKP
$*.C##C,KKKK:%$6CC,KP-#K-CKKP
K*.C*#C,KKKK6:$P*C,CP-#K-CKKP
CK.K6#C,KKKK~$K$$C,PP-#K-CKKP
%:.P~#C,KKKK:P6$~C,*P-#K-CKKP
K#.6C:C,KKKK$6$:~C,~P-#K-CKKP
C~.PC:C,KKKK:P$:CC,%P-#K-CKKP
#:.~6#C,KKKK~:**~C,#P-#K-CKKP
%C.*~#C,KKKKK%66~C,:P-#K-CKKP
#6.C:%C,KKKKC#~*%C,K*-#K-CKKP
*~.$K#C,KKKK##P*PC,C*-#K-CKKP
#%.K%%C,KKKK#$6*$C,~K-:K-CKKP
CK.:$%C,KKKK#$K$:C,$K-:K-CKKP
~6.$K%C,KKKKK#%##C,6K-:K-CKKP
K%.%#6C,KKKK6%PC%C,%K-:K-CKKP
#*.$:6C,KKKK%:PC6C,KC-:K-CKKP
$$.:%$C,KKKKP6~$PP,%C-:K-CKKP
#K.$$$C,KKKK#:~6#C,#C-:K-CKKP
K#.%P$C,KKKK*K~6~P,:C-:K-CKKP
*:.K%~C,KKKK66~K#P,KP-:K-CKKP
:C.*P~C,KKKK$C##$P,CP-:K-CKKP
K~.::~C,KKKK:PP$KP,~P-:K-CKKP
~6.CK$C,KKKK6:C#CP,$P-:K-CKKP
~K.~6~C,KKKKP6K6%C,6P-:K-CKKP
C%.K6~C,KKKK:K*~KP,%P-:K-CKKP
K#.#:~C,KKKK6*~CCP,#P-:K-CKKP
6~.K#~C,KKKK~C$K$C,CK-KC-CKKP
**.P:~C,KKKK*%~#%C,PK-KC-CKKP
C#.K#$C,KKKKK**C%P,*K-KC-CKKP
C*.%:$C,KKKK#$#$$P,~K-KC-CKKP
K*.$K6C,KKKK#*6*#C,$K-KC-CKKP
$:.$K6C,KKKKP$%C~C,#K-KC-CKKP
:C.K%$C,KKKK*~%P$C,:K-KC-CKKP
6P.6P6C,KKKKC$%$#C,KC-KC-CKKP
%~.CK%C,KKKK~:P*$P,CC-KC-CKKP
K~.*K%C,KKKK%:$#CP,PC-KC-CKKP
C*.6:6C,KKKKCP6#$C,$C-KC-CKKP
%K.PP%C,KKKKC**~#C,6C-KC-CKKP
~*.6~6C,KKKKC~P:PP,%C-KC-CKKP
P%.P$6C,KKKK%#*:%C,#C-KC-CKKP
C*.C%6C,KKKKCCC:$C,:C-KC-CKKP
#K.#K%C,KKKK*#K*$C,PP-KC-CKKP
~~.~K%C,KKKK:~:*#C,*P-KC-CKKP
~$.C*%C,KKKKKK$:#C,~P-KC-CKKP
%~.$%%C,KKKKP6:$PP,$P-KC-CKKP
6:.#6%C,KKKKKP:::C,6P-KC-CKKP
P$.::6C,KKKK%C:$6C,:P-KC-CKKP
C~.%66C,KKKK6$#%%C,K*-KC-CKKP
KP.K:6C,KKKKC6%:#C,C*-KC-CKKP
K*.6~%C,KKKKC:~#%C,CK-CC-CKKP
*%.$~%C,KKKK6#*~6C,PK-CC-CKKP
$6.*:%C,KKKK$P~*%C,$K-CC-CKKP
#K.$*#C,KKKKC$$~:C,6K-CC-CKKP
*$.%*#C,KKKKC#$6KP,%K-CC-CKKP
%%.%P#C,KKKKP%KK*P,#K-CC-CKKP
#~.#P#C,KKKK6*~P$C,:K-CC-CKKP
*C.K~#C,KKKK%~~:$C,PC-CC-CKKP
CC.P:#C,KKKKKK:#CP,*C-CC-CKKP
:C.*K:C,KKKK:$$%CP,~C-CC-CKKP
%$.KK:C,KKKK$$$PKP,$C-CC-CKKP
#$.#:#C,KKKK~C~C%C,6C-CC-CKKP
P~.~*:C,KKKKK:~P:C,:C-CC-CKKP
C$.K##C,KKKK#$##:C,KP-CC-CKKP
$K.$%#C,KKKK:$%%$C,CP-CC-CKKP
KP.*K:C,KKKKP#:6KC,*P-CC-CKKP
*P.C~:C,KKKK*C~*%C,6P-CC-CKKP
%:.$*:C,KKKKP~%*CP,%P-CC-CKKP
%:.%##C,KKKK$C$K:C,#P-CC-CKKP
6P.**:C,KKKKPC%$:C,:P-CC-CKKP
#$.K*:C,KKKK$#C*#C,K*-CC-CKKP
K:.~K:C,KKKK6%6:~C,*K-PC-CKKP
KC.*6:C,KKKK*6#K:C,~K-PC-CKKP
~#.6~KP,KKKKK$%%%P,$K-PC-CKKP
%P.~$KP,KKKK%~PCPP,6K-PC-CKKP
6P.CPKP,KKKKP%6C:C,%K-PC-CKKP
PC.P::C,KKKK#~:%6C,KC-PC-CKKP
*:.CKKP,KKKKKP$6:C,CC-PC-CKKP
#*.CCKP,KKKK:P$:#C,PC-PC-CKKP
C$.6~:C,KKKKP#$:KP,*C-PC-CKKP
%C.*$:C,KKKKPKKK:C,~C-PC-CKKP
$~.%#:C,KKKKP:K~#C,%C-PC-CKKP
6%.~KKP,KKKKPKP$#C,#C-PC-CKKP
:#.P#:C,KKKK$#:C:C,:C-PC-CKKP
~$.#C:C,KKKKCC*~KP,KP-PC-CKKP
*#.$~:C,KKKK%6:$*P,CP-PC-CKKP
#~.~~:C,KKKK#*~6KC,~P-PC-CKKP
K%.K6:C,KKKK$*%PCC,6P-PC-CKKP
P~.6%:C,KKKK6KC~PC,%P-PC-CKKP
6P.%#:C,KKKK:P#P*C,#P-PC-CKKP
K~.K$:C,KKKK~#~C~C,C*-PC-CKKP
$P.:%:C,KKKK%6%C$C,PK-CK-PKKP
%P.~~KP,KKKK*6:KPP,*K-CK-PKKP
#*.:$KP,KKKKC6$KPP,~K-CK-PKKP
KC.%*KP,KKKKCCCPCP,%K-CK-PKKP
~%.$$KP,KKKK%6*%#C,#K-CK-PKKP
:#.~~KP,KKKK$~CP*P,:K-CK-PKKP
~P.%~KP,KKKK~6C6%C,KC-CK-PKKP
6~.PPKP,KKKK*$$P6C,CC-CK-PKKP
~%.K::C,KKKK$6CK#C,~C-CK-PKKP
C:.KKKP,KKKK$C$%6C,$C-CK-PKKP
~~.~~:C,KKKK%P%C:C,6C-CK-PKKP
P#.$#:C,KKKKCC*:#C,%C-CK-PKKP
~*.K*:C,KKKKCK*:6C,#C-CK-PKKP
*$.P##C,KKKKPP%C#C,PP-CK-PKKP
#*.PP:C,KKKKPCC%#C,*P-CK-PKKP
#$.P~:C,KKKK%#%K:C,~P-CK-PKKP
K%.%*:C,KKKKC*$$6C,$P-CK-PKKP
C:.*~:C,KKKK#KP#~C,#P-CK-PKKP
::.P:#C,KKKK#*$%#C,:P-CK-PKKP
~~.*C:C,KKKK%:66KP,K*-CK-PKKP
*K.~*:C,KKKK*$*K#C,C*-CK-PKKP
~P.CC:C,KKKKKKKC%C,CK-PK-PKKP
*$.$$#C,KKKK*K:%%C,~K-PK-PKKP
P$.#*#C,KKKK%#6KCP,$K-PK-PKKP
C%.PC#C,KKKK#~$KCP,6K-PK-PKKP
CC.P#%C,KKKKK*#::C,%K-PK-PKKP
##.#C#C,KKKKC%~:%C,#K-PK-PKKP
66.6~#C,KKKK*#~6$C,CC-PK-PKKP
CP.~*#C,KKKK#6CP6C,PC-PK-PKKP
6C.:$#C,KKKK~%KK6C,*C-PK-PKKP
%*.*~#C,KKKKC~:%6C,~C-PK-PKKP
KP.$K#C,KKKKP%~P6C,$C-PK-PKKP
C6.K$%C,KKKK%C:~%C,:C-PK-PKKP
%$.$%%C,KKKKCP#C:C,KP-PK-PKKP
~P.6C%C,KKKK$%**#C,CP-PK-PKKP
~$.~P%C,KKKK~*:*#C,PP-PK-PKKP
##.:6%C,KKKK$#666C,$P-PK-PKKP
6#.66%C,KKKK*$K%6C,6P-PK-PKKP
##.C$%C,KKKK~~*P#C,%P-PK-PKKP
:~.C*%C,KKKK*6$*:C,#P-PK-PKKP
~%.PK#C,KKKKP$PK:C,CK-*K-PKKP
P*.:$#C,KKKK*6%:PP,~K-*K-PKKP
:P.66#C,KKKK$6~%KP,$K-*K-PKKP
K~.K:#C,KKKK#K%K:C,6K-*K-PKKP
*6.C##C,KKKK:C#:#C,%K-*K-PKKP
%6.:P:C,KKKKP~:$KP,#K-*K-PKKP
:~.:P:C,KKKK$:*6%C,CC-*K-PKKP
PC.%:#C,KKKK$CK$%C,PC-*K-PKKP
*K.P6#C,KKKK~P~66C,*C-*K-PKKP
~C.~$#C,KKKK*CP:~C,~C-*K-PKKP
K*.#6#C,KKKKK##:6C,$C-*K-PKKP
6K.%%#C,KKKK:C%~$C,#C-*K-PKKP
%#.K##C,KKKKP6CP$C,:C-*K-PKKP
%#.P*#C,KKKK~6~$$C,KP-*K-PKKP
*#.#6#C,KKKK:$CK6C,CP-*K-PKKP
:*.C$#C,KKKK6:~K$C,PP-*K-PKKP
:~.PC#C,KKKKC*:P~C,$P-*K-PKKP
%C.~P#C,KKKK%CP66C,6P-*K-PKKP
$%.6P#C,KKKK*P~P6C,%P-*K-PKKP
$*.$~#C,KKKKK:~66C,#P-*K-PKKP
P6.P6#C,KKKK:%~$$C,CK-~K-PKKP
K~.~K#C,KKKK~PCK%C,PK-~K-PKKP
$*.~#%C,KKKK:C~K%C,*K-~K-PKKP
$%.:#%C,KKKK%6C*%C,~K-~K-PKKP
*K.K%%C,KKKKKC#K$C,$K-~K-PKKP
%#.$#%C,KKKKKP::$C,#K-~K-PKKP
%$.P~%C,KKKK6%P66C,:K-~K-PKKP
%K.%6%C,KKKKP~$6:C,KC-~K-PKKP
~P.$P%C,KKKK~C%K%C,CC-~K-PKKP
:C.6$%C,KKKK#~P*$C,PC-~K-PKKP
#%.*$%C,KKKK*P%P*C,$C-~K-PKKP
:%.6C#C,KKKK:~C:%C,6C-~K-PKKP
%6.KC#C,KKKK6KC*:C,%C-~K-PKKP
*~.PK#C,KKKK~C66#C,#C-~K-PKKP
*#.6:%C,KKKK~6C#6C,:C-~K-PKKP
#6.#$%C,KKKKPC*K%C,PP-~K-PKKP
:P.K*%C,KKKKK:%$:C,*P-~K-PKKP
~*.*C%C,KKKK*P*P:C,~P-~K-PKKP
K%.*C%C,KKKK6%C%:C,$P-~K-PKKP
:#.*66C,KKKK:%*:#C,6P-~K-PKKP
*:.6$6C,KKKK$$P~#C,:P-~K-PKKP
*P.##6C,KKKKC6C:KP,K*-~K-PKKP
*$.%%6C,KKKKCC:#CP,CK-$K-PKKP
P#.~~6C,KKKK~*K6KP,PK-$K-PKKP
*K.*C6C,KKKK$:K::C,*K-$K-PKKP
#~.#%$C,KKKK#K6%%C,6K-$K-PKKP
P#.*%$C,KKKK*C:*CP,%K-$K-PKKP
:P.6:6C,KKKK~P*K~P,#K-$K-PKKP
:~.K$6C,KKKK6~##%C,:K-$K-PKKP
$#.KK6C,KKKK*C:*#C,KC-$K-PKKP
~$.P$6C,KKKK#%#~6C,*C-$K-PKKP
$K.:C%C,KKKKPC*K6P,~C-$K-PKKP
6$.$P%C,KKKKKC66PP,$C-$K-PKKP
~~.K*%C,KKKK66~~6C,6C-$K-PKKP
:*.C~%C,KKKKC:#~6C,%C-$K-PKKP
:$.CK%C,KKKKK*:P~C,KP-$K-PKKP
#C.~66C,KKKK##K66C,CP-$K-PKKP
$~.*%6C,KKKK*%~*%C,PP-$K-PKKP
*6.%:6C,KKKK%$P6%C,*P-$K-PKKP
:~.C66C,KKKK:#KCPC,~P-$K-PKKP
%C.P$6C,KKKK$P:C*C,#P-$K-PKKP
:*.~P6C,KKKKK:#C~C,:P-$K-PKKP
P:.C*6C,KKKK$#$#$C,K*-$K-PKKP
*%.$C6C,KKKK*~P#6C,C*-$K-PKKP
6$.P6$C,KKKKPC*P6C,*K-6K-PKKP
PC.#%$C,KKKKK~C##C,~K-6K-PKKP
6P.$:$C,KKKKP:P*6C,$K-6K-PKKP
##.~$$C,KKKK6PK*6C,6K-6K-PKKP
#~.$*$C,KKKK~%CCCP,%K-6K-PKKP
:6.K*$C,KKKK6P#C$C,KC-6K-PKKP
#C.%:~C,KKKK~K%:6C,CC-6K-PKKP
PC.:C$C,KKKKP*%$KP,PC-6K-PKKP
##.6:~C,KKKKC:66$C,*C-6K-PKKP
~%.~K$C,KKKK*%%P#C,~C-6K-PKKP
:P.*$$C,KKKK~#C:$C,%C-6K-PKKP
6:.P~$C,KKKK6%:#$C,#C-6K-PKKP
*#.6:~C,KKKKK%6P%C,:C-6K-PKKP
$%.~6~C,KKKK%~:K%C,KP-6K-PKKP
6:.K~~C,KKKKK:P6:C,CP-6K-PKKP
~*.K6~C,KKKKC6K$KP,~P-6K-PKKP
::.*P~C,KKKK#6K##C,$P-6K-PKKP
**.:P~C,KKKK~%C6KP,6P-6K-PKKP
KP.:$~C,KKKK:$P~:C,%P-6K-PKKP
CP.*6~C,KKKK~P$%$P,#P-6K-PKKP
K#.*K~C,KKKK$6KP*P,CK-%K-PKKP
P#.%$*C,KKKK$$PP%P,PK-%K-PKKP
%C.K#*C,KKKK6KC66P,*K-%K-PKKP
6*.#~~C,KKKK6:KPCC,$K-%K-PKKP
C6.$K~C,KKKK$C#K%C,#K-%K-PKKP
PC.C#*C,KKKKPP~K%C,:K-%K-PKKP
CK.6~*C,KKKKP*6~#C,KC-%K-PKKP
*~.~%*C,KKKK**#:PP,CC-%K-PKKP
K$.*%*C,KKKK~*:KKP,PC-%K-PKKP
P6.P#*C,KKKKK%%CCP,$C-%K-PKKP
6P.$%*C,KKKK6P:%*P,6C-%K-PKKP
$P.%:*C,KKKK:*#**P,%C-%K-PKKP
$:.6$*C,KKKK6*P~#C,#C-%K-PKKP
$C.:C*C,KKKKK#6:*P,:C-%K-PKKP
$6.P#PC,KKKKC~~CKP,PP-%K-PKKP
$K.:PPC,KKKK:##*PP,*P-%K-PKKP
*P.K:PC,KKKK:%%6CP,~P-%K-PKKP
#K.K~PC,KKKKCP*$*P,$P-%K-PKKP
PC.P6PC,KKKK~$C:6C,6P-%K-PKKP
$P.$**C,KKKK%C~~:C,:P-%K-PKKP
:C.~~*C,KKKK%P#P%C,K*-%K-PKKP
6P.#P*C,KKKKK***6C,C*-%K-PKKP
KK.K#PC,KKKK6##~$C,CK-#K-PKKP
P:.%~PC,KKKK:%:C~C,PK-#K-PKKP
CK.6KPC,KKKKP%6**C,$K-#K-PKKP
$$.:$PC,KKKKCC$*$C,6K-#K-PKKP
K:.K#PC,KKKK##P~$C,%K-#K-PKKP
P$.6C*C,KKKKKK*P$C,#K-#K-PKKP
PC.6K*C,KKKK$%*C*C,:K-#K-PKKP
~#.6K*C,KKKKPP~$KC,PC-#K-PKKP
#P.:6PC,KKKK66K%$C,*C-#K-PKKP
K*.~**C,KKKK:P:P6C,~C-#K-PKKP
CK.$~*C,KKKK$#P~6C,$C-#K-PKKP
CK.C6*C,KKKK#C:#*C,6C-#K-PKKP
~$.~:*C,KKKK:~:#~C,:C-#K-PKKP
:$.6%*C,KKKK:P6:*C,KP-#K-PKKP
$P.:K~C,KKKK*$#K$C,CP-#K-PKKP
$:.PP~C,KKKK#K~$6C,PP-#K-PKKP
P6.K#*C,KKKK*#$6*C,*P-#K-PKKP
~%.C:*C,KKKK6*C6PC,6P-#K-PKKP
#%.%~*C,KKKK6*P*~C,%P-#K-PKKP
#*.~C*C,KKKKK$C$*C,#P-#K-PKKP
%%.$**C,KKKK:C$*~C,:P-#K-PKKP
$#.~C*C,KKKKP#:#KC,K*-#K-PKKP
~#.*6PC,KKKK6P~:*C,*K-:K-PKKP
C*.P:PC,KKKKC$*:~C,~K-:K-PKKP
KK.C$PC,KKKK:PKP$C,$K-:K-PKKP
K*.$:PC,KKKK#*KP*C,6K-:K-PKKP
K6.~K*C,KKKK~$%~PC,:K-:K-PKKP
:K.KP*C,KKKK:~C~~C,KC-:K-PKKP
$~.$C*C,KKKK%6$%KC,CC-:K-PKKP
#6.:%PC,KKKK6%P:CC,PC-:K-PKKP
K~.C:PC,KKKK*$$6PC,*C-:K-PKKP
##.$%PC,KKKK**%:KC,6C-:K-PKKP
~:.:$PC,KKKK**KK$C,%C-:K-PKKP
*C.P$PC,KKKK$:K%$C,#C-:K-PKKP
$~.6CPC,KKKK*CCP$C,:C-:K-PKKP
:K.CPPC,KKKKKK6:%C,KP-:K-PKKP
*:.~#CC,KKKK***~~C,*P-:K-PKKP
%C.P#CC,KKKKPK666C,~P-:K-PKKP
:P.PPPC,KKKK~6C:6C,$P-:K-PKKP
C6.CPPC,KKKK6C~66C,6P-:K-PKKP
6C.::CC,KKKK6~~~~C,%P-:K-PKKP
6K.P%CC,KKKKK:P#6C,K*-:K-PKKP
P%.*CPC,KKKK6#%K%C,CK-KC-PKKP
K*.%#CC,KKKKK%*6%C,PK-KC-PKKP
6$.$6CC,KKKKP*%~6C,*K-KC-PKKP
K:.:*CC,KKKK*K%#$C,~K-KC-PKKP
K~.:CCC,KKKK$#:K~C,%K-KC-PKKP
PP.:PCC,KKKK::6*#C,#K-KC-PKKP
CC.~CCC,KKKK*%$$%C,:K-KC-PKKP
%*.*6CC,KKKK~:%*#C,KC-KC-PKKP
%~.KCPC,KKKK:*$C:C,CC-KC-PKKP
*$.KPPC,KKKK~P~KPC,~C-KC-PKKP
~~.P#PC,KKKK~6:KKP,$C-KC-PKKP
P~.P*PC,KKKKPP$#$C,6C-KC-PKKP
:P.P%PC,KKKK~%PP#C,%C-KC-PKKP
6#.%#PC,KKKK%:$66C,#C-KC-PKKP
%6.:K*C,KKKK%:P%$C,CP-KC-PKKP
K#.P:PC,KKKK~**P%C,PP-KC-PKKP
*P.KP*C,KKKKP*#:$C,*P-KC-PKKP
C%.#:PC,KKKK6K~~:C,~P-KC-PKKP
*C.C**C,KKKK~KK%~C,$P-KC-PKKP
*#.$C*C,KKKK:C6*6C,#P-KC-PKKP
~$.KK*C,KKKKC~#:$C,:P-KC-PKKP
*%.6P*C,KKKK*$$%6C,K*-KC-PKKP
$%.:P*C,KKKK#6C6%C,C*-KC-PKKP
K%.K6*C,KKKK%#P~#C,CK-CC-PKKP
~$.6:*C,KKKK#~P%*P,~K-CC-PKKP
%C.CK~C,KKKK#%~K%C,$K-CC-PKKP
::.#C~C,KKKKP~:#CP,6K-CC-PKKP
C%.6%*C,KKKKP##$%C,%K-CC-PKKP
#P.:$*C,KKKK6~*K6C,#K-CC-PKKP
:C.:C*C,KKKKP~%6PC,CC-CC-PKKP
6$.:~*C,KKKK$6:$$C,PC-CC-PKKP
**.C6*C,KKKK#*CK:C,*C-CC-PKKP
P$.CC~C,KKKKCP6$%C,~C-CC-PKKP
~C.CC~C,KKKK:#KK%C,$C-CC-PKKP
:6.*:*C,KKKKK*66%C,#C-CC-PKKP
C$.~%*C,KKKK**KP6C,:C-CC-PKKP
$*.:C~C,KKKK%*C%%C,KP-CC-PKKP
$$.%6~C,KKKK*%C~~P,CP-CC-PKKP
~%.#6~C,KKKK6CK6:C,PP-CC-PKKP
K:.C#~C,KKKKK~P$:C,$P-CC-PKKP
*~.~~~C,KKKK%6%P:C,6P-CC-PKKP
~:.%#~C,KKKKK$~*%C,%P-CC-PKKP
#%.#%~C,KKKKC#C~#,:P-CC-PKKP
#%.~#~C,KKKK$$$P:C,PK-PC-PKKP
6:.#~~C,KKKKC$C$6C,*K-PC-PKKP
$*.K*~C,KKKK%K6##C,~K-PC-PKKP
$%.KC~C,KKKK~*P6~C,$K-PC-PKKP
~~.PP~C,KKKKK#:P$C,6K-PC-PKKP
~C.%6*C,KKKKP#6:~C,:K-PC-PKKP
6%.K:*C,KKKK$PK%~C,KC-PC-PKKP
:$.6:*C,KKKK##*P~C,CC-PC-PKKP
$$.::*C,KKKKPP#K~C,PC-PC-PKKP
P~.P6*C,KKKKC~C%*C,*C-PC-PKKP
**.KK~C,KKKKCP6K~C,6C-PC-PKKP
$K.P:*C,KKKK$%6**C,%C-PC-PKKP
C$.C6*C,KKKKK6:P$C,#C-PC-PKKP
KC.~$*C,KKKK~$~$6C,:C-PC-PKKP
$K.*6*C,KKKKPCP::C,KP-PC-PKKP
:6.C#*C,KKKK6K*:CC,*P-PC-PKKP
%~.P%*C,KKKK##*P$,~P-PC-PKKP
:#.%6*C,KKKKC*PC#,6P-PC-PKKP
C*.#~*C,KKKK6:~K#,%P-PC-PKKP
~$.:**C,KKKK#$6%KC,K*-PC-PKKP
C$.$**C,KKKK%%66CC,C*-PC-PKKP
$#.~#*C,KKKK~$%#PC,PK-CK-*KKP
#K.%#*C,KKKK:$:~CC,*K-CK-*KKP
P*.CP~C,KKKK:6%6$C,6K-CK-*KKP
%$.C*~C,KKKK6%$$%C,%K-CK-*KKP
%K.CK~C,KKKKCK%$~C,#K-CK-*KKP
6~.#*~C,KKKK::$#6C,:K-CK-*KKP
P%.%~~C,KKKKP*P$6C,KC-CK-*KKP
~K.6~~C,KKKK~K6%*C,*C-CK-*KKP
::.K6~C,KKKK~*:P*C,~C-CK-*KKP
K#.#*~C,KKKK#K*C$C,$C-CK-*KKP
$%.*P~C,KKKK$$66*C,6C-CK-*KKP
:C.6%*C,KKKK~#**~C,%C-CK-*KKP
$P.~6*C,KKKKC~$$*C,CP-CK-*KKP
#~.:$*C,KKKKP$%%~C,PP-CK-*KKP
%P.##*C,KKKKC$66$C,*P-CK-*KKP
~C.P~*C,KKKK$*#6$C,~P-CK-*KKP
%P.$P*C,KKKKK*K~~C,%P-CK-*KKP
#C.P~*C,KKKK666K~C,#P-CK-*KKP
6K.#$*C,KKKK:$%K$C,:P-CK-*KKP
$*.PP*C,KKKK*C6~~C,K*-CK-*KKP
C:.KP*C,KKKKC#~$$C,C*-CK-*KKP
:%.*P*C,KKKK$$6$PC,*K-PK-*KKP
$C.6K*C,KKKK$C#6*C,~K-PK-*KKP
K$.CK*C,KKKK*C%6*C,$K-PK-*KKP
*%.CK*C,KKKKP*:CPC,6K-PK-*KKP
%~.P#PC,KKKK$##PPC,%K-PK-*KKP
#6.6:PC,KKKK~~6CPC,KC-PK-*KKP
6~.$:PC,KKKK:C6:PC,CC-PK-*KKP
%:.#%PC,KKKK%KC*PC,PC-PK-*KKP
~~.%%PC,KKKK~~KC*C,*C-PK-*KKP
%C.KC*C,KKKKC~$C*C,~C-PK-*KKP
~$.6~*C,KKKK*:*K*C,#C-PK-*KKP
P*.~**C,KKKKK%:%CC,:C-PK-*KKP
*P.C**C,KKKKC~KP*C,KP-PK-*KKP
PK.:~*C,KKKK~~P~*C,CP-PK-*KKP
#*.PP*C,KKKK#~PPPC,~P-PK-*KKP
#:.#P*C,KKKK6:$:*C,$P-PK-*KKP
#6.*K*C,KKKK:K%KPC,6P-PK-*KKP
~:.*P*C,KKKKCC#*PC,%P-PK-*KKP
P$.%**C,KKKK%*~$*C,#P-PK-*KKP
:P.KP*C,KKKK:~*$PC,*K-*K-*KKP
%%.%K*C,KKKK*#CPPC,~K-*K-*KKP
K~.~C*C,KKKK:$K6*C,$K-*K-*KKP
:#.PK*C,KKKKC*P6PC,6K-*K-*KKP
:P.$K*C,KKKK~K6*~C,%K-*K-*KKP
%*.#%PC,KKKK%::CCC,KC-*K-*KKP
%~.C%PC,KKKK~%C$PC,CC-*K-*KKP
~P.:%PC,KKKKK6**$C,PC-*K-*KKP
%%.K~*C,KKKK#K:#%C,*C-*K-*KKP
**.K~*C,KKKK$KCC6C,~C-*K-*KKP
%P.P:*C,KKKKC$6##C,%C-*K-*KKP
$$.KK~C,KKKKPPP*6C,#C-*K-*KKP
%K.%:*C,KKKK%6~:6C,:C-*K-*KKP
%%.PK~C,KKKK~%6:$C,KP-*K-*KKP
~#.CP~C,KKKK$$CC:C,CP-*K-*KKP
#%.:6*C,KKKK#*%C*C,~P-*K-*KKP
CK.C:*C,KKKK~P%*~C,$P-*K-*KKP
$~.%#*C,KKKKP$#C~C,6P-*K-*KKP
$P.~#*C,KKKKK*C~~C,%P-*K-*KKP
K6.:6*C,KKKK##~6*C,#P-*K-*KKP
%C.C~*C,KKKK#P6:$C,C*-*K-*KKP
K*.#~*C,KKKKCCPC~C,CK-~K-*KKP
P%.6:*C,KKKK:6:K6C,PK-~K-*KKP
#$.6:*C,KKKKC$$~~C,*K-~K-*KKP
C$.*#*C,KKKKK#66*C,~K-~K-*KKP
C$.:#*C,KKKK#K6C$C,%K-~K-*KKP
~:.P#*C,KKKK%%PC*C,#K-~K-*KKP
~%.6$*C,KKKKKKPC*C,:K-~K-*KKP
C6.$6*C,KKKKC~$*PC,KC-~K-*KKP
$#.#$*C,KKKK%$%*PC,CC-~K-*KKP
$:.~#*C,KKKK~6*%CC,~C-~K-*KKP
CK.C:*C,KKKKK:$:PC,$C-~K-*KKP
P%.~:*C,KKKKK6C$$C,6C-~K-*KKP
K$.$P~C,KKKKKK~~6C,%C-~K-*KKP
%*.~P~C,KKKK%CC%PC,CP-~K-*KKP
6*.C$~C,KKKKC*~C6C,PP-~K-*KKP
6C.66~C,KKKKPK#C#C,*P-~K-*KKP
*P.%$~C,KKKK~$C66C,~P-~K-*KKP
~$.~*~C,KKKK*%$C$C,$P-~K-*KKP
~P.P6~C,KKKK$%%%~C,#P-~K-*KKP
K*.C%~C,KKKKK6K%6C,:P-~K-*KKP
C*.~6~C,KKKK*P:C6C,K*-~K-*KKP
6$.P%~C,KKKK6#*%~C,CK-$K-*KKP
##.PK$C,KKKKPC6P#C,PK-$K-*KKP
~K.~K$C,KKKK*KP*:C,$K-$K-*KKP
C%.*P$C,KKKKP%:*CP,6K-$K-*KKP
6%.6K$C,KKKKP%%P:C,%K-$K-*KKP
:6.:#~C,KKKKKK:C6C,#K-$K-*KKP
$C.KP$C,KKKK:C$~$C,:K-$K-*KKP
K~.C~$C,KKKK~:6:%C,PC-$K-*KKP
#6.:*$C,KKKK*P6$#C,*C-$K-*KKP
K:.~*$C,KKKK:%6C#C,~C-$K-*KKP
#*.C$$C,KKKK*CP#:C,$C-$K-*KKP
*$.#*$C,KKKK$~*#%C,6C-$K-*KKP
%%.P:~C,KKKKCP~#6C,:C-$K-*KKP
:K.C:~C,KKKK$%::6C,KP-$K-*KKP
%#.:#~C,KKKK6:##$C,CP-$K-*KKP
$$.%K$C,KKKK%#*#%C,PP-$K-*KKP
:K.KC$C,KKKK%%#~~C,*P-$K-*KKP
:6.6$$C,KKKK6%P*:C,%P-$K-*KKP
~P.*6$C,KKKK%PP~KP,#P-$K-*KKP
$:.~%$C,KKKK###PPP,:P-$K-*KKP
C:.$:$C,KKKK66~C*P,K*-$K-*KKP
$%.K:$C,KKKK*$%C$P,PK-6K-*KKP
6$.*K6C,KKKK##%6KP,*K-6K-*KKP
$6.~*6C,KKKKC%$C$P,~K-6K-*KKP
CK.6~6C,KKKK#K:~~P,$K-6K-*KKP
P~.%P6C,KKKKC6P6:P,6K-6K-*KKP
%:.*K6C,KKKKK%6$#C,:K-6K-*KKP
%6.%P6C,KKKK$6C:%C,KC-6K-*KKP
PK.6~6C,KKKKKPP*:C,CC-6K-*KKP
P6.*$6C,KKKKK%K:%C,PC-6K-*KKP
:~.6P6C,KKKK~C*C#C,*C-6K-*KKP
#$.666C,KKKK6$PC:C,6C-6K-*KKP
~~.#66C,KKKK*6#6:C,%C-6K-*KKP
~C.%%6C,KKKK#KP#KP,#C-6K-*KKP
~6.#~6C,KKKKP%%$:C,:C-6K-*KKP
P%.~~6C,KKKKCC%6%C,KP-6K-*KKP
$%.KC6C,KKKK~:~:6C,*P-6K-*KKP
C6.$K6C,KKKKC$:C6C,~P-6K-*KKP
66.PK6C,KKKKP6*6$C,$P-6K-*KKP
CK.~*6C,KKKK6#K6$C,6P-6K-*KKP
6P.$P6C,KKKK~:*$$C,%P-6K-*KKP
K#.PP6C,KKKKP#P:%C,K*-6K-*KKP
*C.K~6C,KKKKP#CC%C,CK-%K-*KKP
*%.#%6C,KKKK$666#C,PK-%K-*KKP
6~.*66C,KKKKC:~~:,*K-%K-*KKP
C%.KP%C,KKKK#*6*#C,%K-%K-*KKP
6~.6~%C,KKKK:~#CKP,#K-%K-*KKP
6~.%~%C,KKKKP6*CCP,:K-%K-*KKP
6#.$C%C,KKKKK#**%C,KC-%K-*KKP
*:.**%C,KKKK##6C$C,CC-%K-*KKP
P#.~$%C,KKKK#C*%:C,~C-%K-*KKP
CP.*$%C,KKKK*6$C:C,$C-%K-*KKP
%:.%~%C,KKKK6$KP:C,6C-%K-*KKP
PK.#:6C,KKKK#6PC:C,%C-%K-*KKP
K$.#K%C,KKKK:#PK6C,#C-%K-*KKP
C~.C#6C,KKKKC*:$~C,CP-%K-*KKP
KC.6K%C,KKKKP%:~%C,PP-%K-*KKP
#C.:C%C,KKKK#:~*#C,*P-%K-*KKP
P~.CK%C,KKKK~PCK:C,~P-%K-*KKP
K%.K*%C,KKKK#:%#$C,$P-%K-*KKP
6*.$*%C,KKKKP#$*$C,#P-%K-*KKP
%*.C*%C,KKKKK#*K%C,:P-%K-*KKP
C:.KP%C,KKKK6%*C$C,K*-%K-*KKP
PK.$*%C,KKKK%~#$#C,C*-%K-*KKP
P6.$C%C,KKKK~K~#~C,CK-#K-*KKP
6K.~C%C,KKKKC~*%$C,~K-#K-*KKP
K$.*%6C,KKKK#**~%C,$K-#K-*KKP
#6.P$6C,KKKK%PP6#C,6K-#K-*KKP
#C.P$6C,KKKK~K#*6C,%K-#K-*KKP
*K.~~6C,KKKK**6**C,#K-#K-*KKP
C$.C66C,KKKK#%*KPC,CC-#K-*KKP
CK.%#6C,KKKK~#:P*C,PC-#K-*KKP
C6.6#6C,KKKKKP:~~C,*C-#K-*KKP
~*.KK%C,KKKK%$CC*C,~C-#K-*KKP
CK.PK%C,KKKK$:*K%,$C-#K-*KKP
:~.:*%C,KKKKC*6%~C,#C-#K-*KKP
CC.C6%C,KKKK:*~P%C,:C-#K-*KKP
~$.K6%C,KKKK6%6K$C,KP-#K-*KKP
$$.%%%C,KKKK%~PP%C,CP-#K-*KKP
P*.$6%C,KKKKKP$K%C,PP-#K-*KKP
C*.~6%C,KKKK~#%CCC,$P-#K-*KKP
$6.K%%C,KKKK6#P#*C,6P-#K-*KKP
*C.P#%C,KKKK*%:~*C,%P-#K-*KKP
#C.KK#C,KKKKC$66~C,#P-#K-*KKP
$~.KC#C,KKKK#C6KPC,:P-#K-*KKP
#~.C~#C,KKKK#%*%%C,PK-:K-*KKP
K:.P$#C,KKKKPC***P,*K-:K-*KKP
%:.#6#C,KKKK#$6##C,~K-:K-*KKP
~P.#$#C,KKKK~KP$:C,$K-:K-*KKP
P6.###C,KKKK~:P*KP,#K-:K-*KKP
*~.*%#C,KKKK6CKPPP,:K-:K-*KKP
C#.*P#C,KKKKK6CKKP,KC-:K-*KKP
:K.6~#C,KKKK$K#~%C,CC-:K-*KKP
*K.$$#C,KKKK%%*C%C,PC-:K-*KKP
K%.$~#C,KKKK$:*6~C,$C-:K-*KKP
$P.%##C,KKKK%%##%C,6C-:K-*KKP
KC.*##C,KKKKK#*K:C,%C-:K-*KKP
$$.:K:C,KKKKCKCCKP,#C-:K-*KKP
K%.$K:C,KKKKKK$##C,:C-:K-*KKP
P6.~%#C,KKKK#KKP%C,PP-:K-*KKP
P%.CK:C,KKKKK##6#C,*P-:K-*KKP
K%.*~#C,KKKK%:%KPP,~P-:K-*KKP
~P.%C#C,KKKK6K**KP,$P-:K-*KKP
%K.P:%C,KKKK*$C~#C,6P-:K-*KKP
6$.~P#C,KKKK*:666C,:P-:K-*KKP
~:.6#%C,KKKK~P~6#C,K*-:K-*KKP
$P.P*#C,KKKK~%CP#C,CK-KC-*KKP
PP.6*#C,KKKK:K~K6C,PK-KC-*KKP
%$.K##C,KKKK#$~CKP,*K-KC-*KKP
6~.*:#C,KKKKC#$%*C,6K-KC-*KKP
$#.%K:C,KKKK#PK~#C,%K-KC-*KKP
#%.*:#C,KKKK%#CK#C,#K-KC-*KKP
K:.CC:C,KKKK6~*#KP,:K-KC-*KKP
C*.$C:C,KKKK::~6~C,KC-KC-*KKP
*$.**:C,KKKK*%#:~C,*C-KC-*KKP
:C.*~:C,KKKK:P%$%C,~C-KC-*KKP
KC.:*:C,KKKK:C%CKP,$C-KC-*KKP
~C.K$:C,KKKK%#$6%C,6C-KC-*KKP
6*.PC:C,KKKK$C%~%C,%C-KC-*KKP
~C.$P:C,KKKK:*%*$C,KP-KC-*KKP
K:.K~:C,KKKK~%$*%C,CP-KC-*KKP
%K.#:#C,KKKK6~CC%C,PP-KC-*KKP
C$.$##C,KKKK:K%*:C,*P-KC-*KKP
:$.$6#C,KKKK~K%$:C,~P-KC-*KKP
C:.P##C,KKKK#6#C$C,%P-KC-*KKP
6P.P*:C,KKKK6P6%KP,#P-KC-*KKP
6$.6*:C,KKKKPC#6:C,:P-KC-*KKP
:6.P*:C,KKKK~##$CP,K*-KC-*KKP
CP.P*:C,KKKKKP**#C,C*-KC-*KKP
K%.%6:C,KKKK*~:#KP,*K-CC-*KKP
%:.%$:C,KKKK::C#KP,~K-CC-*KKP
%*.:$:C,KKKK~C#CKP,$K-CC-*KKP
%*.6%:C,KKKK*#C~CP,6K-CC-*KKP
~%.K%:C,KKKK**%$:C,%K-CC-*KKP
~6.C~:C,KKKK$CK$%C,KC-CC-*KKP
$%.K*:C,KKKKC#%*6C,CC-CC-*KKP
CC.*%:C,KKKK:C%*#C,PC-CC-*KKP
$*.%6:C,KKKK6#C%#C,*C-CC-*KKP
6P.K*:C,KKKK*%:P#C,~C-CC-*KKP
C6.:K:C,KKKKKCC6#C,%C-CC-*KKP
$%.C##C,KKKKC%#:#C,#C-CC-*KKP
$6.::#C,KKKKCK#:%C,:C-CC-*KKP
P:.C##C,KKKKKC::%C,KP-CC-*KKP
##.*:#C,KKKK:$CP6C,CP-CC-*KKP
~C.%~:C,KKKKPKC:%C,~P-CC-*KKP
~K.*~:C,KKKK$*6*#C,$P-CC-*KKP
C*.*$:C,KKKK:%~P$C,6P-CC-*KKP
6P.K6:C,KKKKK#*K%,#P-CC-*KKP
P#.:#:C,KKKKPKK~#C,CK-PC-*KKP
%K.K#:C,KKKK6%PK#C,PK-PC-*KKP
$P.K6:C,KKKK:$C~PP,*K-PC-*KKP
K#.#6:C,KKKK*P~CCP,~K-PC-*KKP
P#.%*:C,KKKKP:$66C,$K-PC-*KKP
$#.#~:C,KKKK*%*#$C,#K-PC-*KKP
P*.#K:C,KKKK*$*C#C,:K-PC-*KKP
$6.~K:C,KKKKC*6~:C,KC-PC-*KKP
P*.P~:C,KKKK$$%K#C,CC-PC-*KKP
KK.:~:C,KKKKKC%$~C,PC-PC-*KKP
6P.#C:C,KKKKK$$C#C,$C-PC-*KKP
:P.~P:C,KKKK*~CC#C,6C-PC-*KKP
**.CP:C,KKKK~*CK$C,%C-PC-*KKP
#C.6$:C,KKKK#K~C%C,#C-PC-*KKP
PK.C$:C,KKKK%$~~#C,:C-PC-*KKP
K#.$$:C,KKKK:$*#PC,PP-PC-*KKP
#%.~%:C,KKKKKKCP*C,*P-PC-*KKP
*P.:6:C,KKKK*6P~6,~P-PC-*KKP
~C.*%:C,KKKKC#K*$,6P-PC-*KKP
#~.6KKP,KKKKCP*C~C,:P-PC-*KKP
##.:KKP,KKKK%P~~$C,K*-PC-*KKP
%*.*KKP,KKKKC%$%%C,C*-PC-*KKP
#6.6KKP,KKKK#%666C,PK-CK-~KKP
6*.%~KP,KKKKC:P6*P,$K-CK-~KKP
%*.%$KP,KKKKPP*%PP,6K-CK-~KKP
#6.%%KP,KKKK#P~:PP,%K-CK-~KKP
$P.KKCP,KKKK$:*#6P,#K-CK-~KKP
P:.6#KP,KKKK6%P#~P,:K-CK-~KKP
#%.CCCP,KKKKCK~#PP,PC-CK-~KKP
~~.6:KP,KKKKK%$#*P,*C-CK-~KKP
*C.CCCP,KKKK%:::KP,~C-CK-~KKP
#K.:KCP,KKKK:$$*PP,$C-CK-~KKP
6~.K~CP,KKKK:*~C6P,6C-CK-~KKP
#:.%~CP,KKKK:C~%$P,KP-CK-~KKP
$~.P~CP,KKKK6#CP~P,CP-CK-~KKP
CK.:CCP,KKKK%**$*P,PP-CK-~KKP
%#.*PCP,KKKKC:*$PP,*P-CK-~KKP
*#.*$CP,KKKK$K6~:C,6P-CK-~KKP
~K.6CCP,KKKK6PC$CP,%P-CK-~KKP
%*.%%KP,KKKK$$:C*P,#P-CK-~KKP
*P.#6KP,KKKK6%%*6P,:P-CK-~KKP
$C.66KP,KKKK#CC*:C,K*-CK-~KKP
$C.*6KP,KKKK#6$C:C,PK-PK-~KKP
CP.66KP,KKKK~#~~#C,*K-PK-~KKP
~C.~CKP,KKKK#$%6PP,~K-PK-~KKP
6$.:CKP,KKKK*K6$:C,$K-PK-~KKP
CK.~6KP,KKKKC$$$#C,6K-PK-~KKP
%$.K6KP,KKKK$*$~%C,:K-PK-~KKP
**.$%KP,KKKK6%6$6C,KC-PK-~KKP
66.:#KP,KKKKK%$#CP,CC-PK-~KKP
C6.*%KP,KKKK:6%*:C,PC-PK-~KKP
6$.*$KP,KKKKPK#C#C,*C-PK-~KKP
$*.K#KP,KKKK6K#C6C,%C-PK-~KKP
%~.6%KP,KKKK~PC#%C,#C-PK-~KKP
6:.$~KP,KKKK~$$6KP,:C-PK-~KKP
*:.%*KP,KKKK**~C:C,KP-PK-~KKP
P$.%KKP,KKKK***$:C,*P-PK-~KKP
~~.$KKP,KKKKP~:6KP,~P-PK-~KKP
#:.PPKP,KKKK~C%K%C,$P-PK-~KKP
%$.P*KP,KKKK~#P$%C,6P-PK-~KKP
P#.:PKP,KKKK#%C%#C,%P-PK-~KKP
K#.%$KP,KKKKP:%:6C,CK-*K-~KKP
$6.:*KP,KKKK$:C%#C,PK-*K-~KKP
6*.**KP,KKKK$#~C#C,*K-*K-~KKP
CC.$$KP,KKKK%K::%C,~K-*K-~KKP
*6.%~KP,KKKK*P$~KP,$K-*K-~KKP
#%.#KKP,KKKK6P~~KP,#K-*K-~KKP
6C.$::C,KKKK$~$KCP,:K-*K-~KKP
$C.~6:C,KKKKP#:$CP,KC-*K-~KKP
:#.*~:C,KKKK%*C:CP,CC-*K-~KKP
*%.~#:C,KKKK*C%K%C,PC-*K-~KKP
KP.:*:C,KKKK:P*P%C,$C-*K-~KKP
:K.*~:C,KKKK~6*6:C,6C-*K-~KKP
6%.6%:C,KKKK%%#%6C,%C-*K-~KKP
~~.P6:C,KKKK6%%%6C,#C-*K-~KKP
%~.K~:C,KKKK#6$~6C,:C-*K-~KKP
K:.:K:C,KKKK~PP#:C,PP-*K-~KKP
K#.CK:C,KKKK#C$*#C,*P-*K-~KKP
#~.:K:C,KKKK~~:*#C,~P-*K-~KKP
%C.%6:C,KKKKP6#6:C,$P-*K-~KKP
PK.K6:C,KKKKP#:%$C,6P-*K-~KKP
%$.P::C,KKKKKK6K%C,:P-*K-~KKP
*6.KKKP,KKKK$$#:$C,K*-*K-~KKP
PP.~::C,KKKK6~C6#C,C*-*K-~KKP
CK.$CKP,KKKK*~**#C,CK-~K-~KKP
%C.%$KP,KKKK~%*#CP,PK-~K-~KKP
PC.:%KP,KKKKK*6*%C,$K-~K-~KKP
K:.:$KP,KKKKKCCC#C,6K-~K-~KKP
~P.K$KP,KKKK6:~%%C,%K-~K-~KKP
##.P$KP,KKKK~C~:6C,#K-~K-~KKP
#~.$6KP,KKKK6*CK$C,PC-~K-~KKP
#K.K*KP,KKKK~P*$:C,*C-~K-~KKP
$#.~PKP,KKKKKPP*#C,~C-~K-~KKP
%C.PKKP,KKKKCK6$:C,$C-~K-~KKP
~%.$::C,KKKKP~K%#C,6C-~K-~KKP
*~.KPKP,KKKK*#P%6C,:C-~K-~KKP
*6.#%:C,KKKK~%CP:C,KP-~K-~KKP
*6.$::C,KKKK%:*$KP,CP-~K-~KKP
C:.P*KP,KKKK%#%~CP,PP-~K-~KKP
%%.:~KP,KKKKK*%P:C,*P-~K-~KKP
%%.6*KP,KKKK#6%P%C,6P-~K-~KKP
*$.P*KP,KKKKC6C%:C,%P-~K-~KKP
~$.:#:C,KKKKP~%*KP,#P-~K-~KKP
#%.#$:C,KKKK%KC%*P,:P-~K-~KKP
$C.KP:C,KKKK*%~%CP,K*-~K-~KKP
P%.#*:C,KKKK:~P*:C,*K-$K-~KKP
#~.K$:C,KKKK*$%$#C,~K-$K-~KKP
6P.%$:C,KKKK666#$C,$K-$K-~KKP
~%.%*:C,KKKK%%K$%C,6K-$K-~KKP
6:.%C:C,KKKK:K%*6C,%K-$K-~KKP
%K.6:#C,KKKK*6$:#C,KC-$K-~KKP
$*.C*:C,KKKKPP$~6C,CC-$K-~KKP
:$.$P:C,KKKK#%%##C,PC-$K-~KKP
*K.6P:C,KKKKP6#$$C,*C-$K-~KKP
$P.~K:C,KKKK6*6P$C,~C-$K-~KKP
~6.6%#C,KKKK:##P$C,%C-$K-~KKP
P#.%:#C,KKKKKC$*~C,#C-$K-~KKP
%C.#:#C,KKKK6:~*#C,:C-$K-~KKP
:$.6:#C,KKKKK:K~$C,KP-$K-~KKP
:K.PC:C,KKKKP66%*C,CP-$K-~KKP
#:.PP:C,KKKK#KPP~C,~P-$K-~KKP
$6.~6:C,KKKKK6K%%C,$P-$K-~KKP
$C.6%:C,KKKK*KC:$C,6P-$K-~KKP
K$.~#:C,KKKK6PC~6C,%P-$K-~KKP
~%.6#:C,KKKK:C**PC,#P-$K-~KKP
%%.K::C,KKKK*K:$~C,CK-6K-~KKP
#:.##:C,KKKKPCKP$C,PK-6K-~KKP
6P.K6:C,KKKK%66P$C,*K-6K-~KKP
P6.#%:C,KKKKK6%C~C,~K-6K-~KKP
P6.KPKP,KKKKK*$#~C,%K-6K-~KKP
*$.*PKP,KKKK:%~6~C,#K-6K-~KKP
C6.K::C,KKKKKPKP$C,:K-6K-~KKP
%#.:::C,KKKK~6$~*C,KC-6K-~KKP
::.:6:C,KKKK*6PK~C,~C-6K-~KKP
K6.$::C,KKKK#P%P$C,$C-6K-~KKP
*P.#::C,KKKK*C*$*C,6C-6K-~KKP
%6.*#:C,KKKKP::~~C,%C-6K-~KKP
*%.6#:C,KKKK%%%:6C,#C-6K-~KKP
#*.~%:C,KKKKKK*6*C,CP-6K-~KKP
$C.~::C,KKKK:#K66C,PP-6K-~KKP
#:.KPKP,KKKK6$*K#C,*P-6K-~KKP
%$.$CKP,KKKK:6$#6C,~P-6K-~KKP
%~.$PKP,KKKKKCP%:C,$P-6K-~KKP
P#.:CKP,KKKK#KCC6C,#P-6K-~KKP
*:.~*KP,KKKK*$C#$C,:P-6K-~KKP
:%.%~KP,KKKK6C~$%C,K*-6K-~KKP
$$.$CKP,KKKKC*:*%C,CK-%K-~KKP
66.6KKP,KKKK*PKKPC,PK-%K-~KKP
*~.*6:C,KKKK$$%P:C,6K-%K-~KKP
#K.66:C,KKKKC*P6%C,%K-%K-~KKP
P*.$*:C,KKKK$C:#%C,#K-%K-~KKP
**.6~:C,KKKK$%##*C,:K-%K-~KKP
P:.6*:C,KKKKKK~K$C,PC-%K-~KKP
66.C*:C,KKKK66::~C,*C-%K-~KKP
##.~C:C,KKKKK#C6~C,~C-%K-~KKP
C%.PC:C,KKKK~::66C,$C-%K-~KKP
$C.*##C,KKKKK~::KP,6C-%K-~KKP
*#.*##C,KKKKP6~%%C,:C-%K-~KKP
%K.%C:C,KKKK~P#P6C,KP-%K-~KKP
%*.~%#C,KKKK$%:KCP,CP-%K-~KKP
6K.:##C,KKKK%$~6:C,PP-%K-~KKP
:K.:~#C,KKKKC:%:6C,*P-%K-~KKP
PK.:*#C,KKKK6K%66C,6P-%K-~KKP
KC.:6#C,KKKKK~:6%C,%P-%K-~KKP
6P.#$#C,KKKK#*%~#C,#P-%K-~KKP
6K.C##C,KKKK$**K%C,:P-%K-~KKP
6*.%##C,KKKKP*%K$C,K*-%K-~KKP
:K.P:#C,KKKK%:**$C,PK-#K-~KKP
P~.:$#C,KKKK#~~:~C,*K-#K-~KKP
6K.$$#C,KKKK:*:$6C,~K-#K-~KKP
*6.CP#C,KKKK66~%$C,$K-#K-~KKP
:#.6%%C,KKKK6PP:6C,6K-#K-~KKP
~6.~%%C,KKKK:~*6PC,:K-#K-~KKP
K%.#K#C,KKKK6~#6~C,KC-#K-~KKP
P~.P#%C,KKKK6P~:%C,CC-#K-~KKP
:~.P$%C,KKKK66P*6C,PC-#K-~KKP
PP.%$%C,KKKK$%%~*C,*C-#K-~KKP
~#.P#%C,KKKK*%:#PC,6C-#K-~KKP
$P.$:%C,KKKK#PK:*C,%C-#K-~KKP
%*.C*#C,KKKK$K$%$C,#C-#K-~KKP
:#.:C#C,KKKK*%6C~C,:C-#K-~KKP
PK.#*#C,KKKK$6P~*C,KP-#K-~KKP
K%.#*#C,KKKK66~PPC,*P-#K-~KKP
:#.6*#C,KKKK:KCK*C,~P-#K-~KKP
P%.K6#C,KKKK~6KP*C,$P-#K-~KKP
P:.P$#C,KKKK*#*#CC,6P-#K-~KKP
:K.P6#C,KKKK%KCCKC,%P-#K-~KKP
:~.6*#C,KKKK~6%KKC,K*-#K-~KKP
KC.#*#C,KKKKC:#:PC,C*-#K-~KKP
C~.K$#C,KKKK$*6P~C,CK-:K-~KKP
*~.*%#C,KKKK%%#KPC,PK-:K-~KKP
#~.~~#C,KKKKC6~~PC,*K-:K-~KKP
6$.#$#C,KKKKK%KP*C,%K-:K-~KKP
~6.K$#C,KKKK~$P~~C,#K-:K-~KKP
$6.:6#C,KKKK:%*66C,:K-:K-~KKP
C*.~:#C,KKKK$66K6C,KC-:K-~KKP
#*.KC:C,KKKK#KC~%C,*C-:K-~KKP
K~.$C:C,KKKK6P:K$C,~C-:K-~KKP
P$.6:#C,KKKKK$$%$C,$C-:K-~KKP
#K.~K:C,KKKKK$$P*C,6C-:K-~KKP
:K.KC:C,KKKK%*K~6C,%C-:K-~KKP
%K.#K:C,KKKK~$$6$C,KP-:K-~KKP
#C.CP:C,KKKK6$C*$C,CP-:K-~KKP
C%.$##C,KKKK:P##$C,PP-:K-~KKP
*~.6##C,KKKKC#6:*C,*P-:K-~KKP
#~.:%#C,KKKK:KK6*C,~P-:K-~KKP
##.:$#C,KKKK:%6C*C,%P-:K-~KKP
%#.:6#C,KKKK#:6*$C,#P-:K-~KKP
~:.*:#C,KKKK#P%*6C,:P-:K-~KKP
~#.6:#C,KKKKP66$6C,K*-:K-~KKP
KP.P~:C,KKKKK*KP#C,CK-KC-~KKP
K~.P$:C,KKKK%:~$#C,~K-KC-~KKP
K$.$$:C,KKKKK6:K%C,$K-KC-~KKP
*K.C%:C,KKKK%#PP:C,6K-KC-~KKP
P$.#~:C,KKKK%:~*%C,%K-KC-~KKP
%:.:C:C,KKKK~:#66C,#K-KC-~KKP
6%.#P:C,KKKKP#*%CC,CC-KC-~KKP
%C.$P:C,KKKK:*#K$C,PC-KC-~KKP
*$.KP:C,KKKKPC6%%C,*C-KC-~KKP
PK.*K:C,KKKK:PK:$C,~C-KC-~KKP
K$.CC:C,KKKK#P#~6C,$C-KC-~KKP
P$.6*:C,KKKKKK$K$C,#C-KC-~KKP
K:.PP:C,KKKK***C%C,:C-KC-~KKP
%:.P*:C,KKKK%~K$6C,KP-KC-~KKP
P6.*$:C,KKKKKK6KKP,CP-KC-~KKP
~C.$C:C,KKKK6:%*%C,PP-KC-~KKP
~K.~C:C,KKKK*#*K6C,$P-KC-~KKP
:%.#P:C,KKKK$$PC#C,6P-KC-~KKP
::.:6:C,KKKKP:$%KP,%P-KC-~KKP
~%.$%:C,KKKKP#CP#C,#P-KC-~KKP
::.~%:C,KKKK$::*6C,:P-KC-~KKP
%#.:%:C,KKKKP#PP$C,CK-CC-~KKP
:%.~#:C,KKKK#K$~#C,PK-CC-~KKP
**.~KKP,KKKKK~%$:C,*K-CC-~KKP
*6.*PKP,KKKK:~*P#C,~K-CC-~KKP
~:.#*KP,KKKK%:#K:C,$K-CC-~KKP
$P.:*KP,KKKK%P:K6C,#K-CC-~KKP
**.*~KP,KKKKKPP:6C,:K-CC-~KKP
6$.~*KP,KKKK6~*$#C,KC-CC-~KKP
%P.C6KP,KKKK6%~6%C,CC-CC-~KKP
~*.$#KP,KKKKC*~KKP,PC-CC-~KKP
:K.~:KP,KKKK6P###C,$C-CC-~KKP
P6.#%KP,KKKK#KCK:C,6C-CC-~KKP
#6.::KP,KKKK%**PPP,%C-CC-~KKP
#P.~KCP,KKKK*~$C:C,#C-CC-~KKP
*6.K%KP,KKKKC%**KP,:C-CC-~KKP
:C.$#KP,KKKK6:%:#C,PP-CC-~KKP
#P.~#KP,KKKKP6%$KP,*P-CC-~KKP
~$.PKCP,KKKK%C#*6C,~P-CC-~KKP
%:.CKCP,KKKK6%%66,6P-CC-~KKP
%#.6KCP,KKKK**~~#C,:P-CC-~KKP
C#.6:KP,KKKK6%#%#C,K*-CC-~KKP
*P.#*CP,KKKK~6C#PP,CK-PC-~KKP
%$.*~CP,KKKKC6CK~P,PK-PC-~KKP
6:.%~CP,KKKK*:KC~P,*K-PC-~KKP
$P.C$CP,KKKK$PK$CP,6K-PC-~KKP
66.~CCP,KKKKP$C%6P,%K-PC-~KKP
CC.6PCP,KKKK6#K:*P,#K-PC-~KKP
CK.:PCP,KKKK$C~#PP,:K-PC-~KKP
%K.#PCP,KKKK~#~:%C,KC-PC-~KKP
K$.#~CP,KKKK#:K%KP,*C-PC-~KKP
~#.:$CP,KKKK%6#PPP,~C-PC-~KKP
$$.P6CP,KKKK:$%**P,$C-PC-~KKP
$C.6~CP,KKKKPP6:*P,6C-PC-~KKP
KP.$*CP,KKKK#K*P~P,%C-PC-~KKP
$#.%PCP,KKKK6~C::C,KP-PC-~KKP
C:.K$CP,KKKK6#P%:C,CP-PC-~KKP
*K.%$CP,KKKK6%PK#C,PP-PC-~KKP
P6.K6CP,KKKK%%K*~C,*P-PC-~KKP
PP.~$CP,KKKKK%#%~C,%P-PC-~KKP
:C.%%CP,KKKK$$%#$C,#P-PC-~KKP
KK.%%CP,KKKK##*K$C,:P-PC-~KKP
~*.#%CP,KKKK~C*K~C,K*-PC-~KKP
~~.$%CP,KKKK6~66*C,C*-PC-~KKP
$C.P$CP,KKKK*C*:CP,*K-CK-$KKP
6#.%KCP,KKKK6~K:6P,~K-CK-$KKP
~P.C:KP,KKKK#*$%*P,$K-CK-$KKP
KK.K:KP,KKKKPP~%CP,6K-CK-$KKP
C6.##KP,KKKKC:C:CP,%K-CK-$KKP
~K.%:KP,KKKK%P#:KP,KC-CK-$KKP
P6.:%KP,KKKK~PKCPP,CC-CK-$KKP
*$.P:KP,KKKK%6%$PP,PC-CK-$KKP
6$.K%KP,KKKKC6CCCP,*C-CK-$KKP
C:.%#KP,KKKK6#~#KP,~C-CK-$KKP
~K.6KCP,KKKK~#*#:C,#C-CK-$KKP
:$.*%KP,KKKKK%%CPP,:C-CK-$KKP
##.$~KP,KKKK6*C*PP,KP-CK-$KKP
%P.~*KP,KKKK%%*~KP,CP-CK-$KKP
K%.#KKP,KKKK#6~*CP,~P-CK-$KKP
$:.:CKP,KKKK*6*KKP,$P-CK-$KKP
:K.6~KP,KKKK%K$KCP,6P-CK-$KKP
$C.%~KP,KKKKPP6KCP,%P-CK-$KKP
*#.$*KP,KKKK$C#:KP,#P-CK-$KKP
C~.P6KP,KKKKK#*P#C,C*-CK-$KKP
K%.#6KP,KKKK%$~K:C,CK-PK-$KKP
6K.$%KP,KKKK$$$6:C,PK-PK-$KKP
~6.%$KP,KKKK$%P6:C,*K-PK-$KKP
66.6#KP,KKKKC$C~:C,~K-PK-$KKP
*K.P#KP,KKKK6~#:6C,%K-PK-$KKP
#6.6#KP,KKKK6$*~:C,#K-PK-$KKP
$$.P$KP,KKKKC##$:C,:K-PK-$KKP
KC.*$KP,KKKKK$$#KP,KC-PK-$KKP
66.6%KP,KKKK*6*6CP,CC-PK-$KKP
C:.P#KP,KKKK~6:*6C,~C-PK-$KKP
CP.:#KP,KKKK:$C%KP,$C-PK-$KKP
*~.%#KP,KKKK%K$6#C,6C-PK-$KKP
~*.C6KP,KKKK6~K$:C,%C-PK-$KKP
P6.#$KP,KKKK6C~C6C,#C-PK-$KKP
P*.K*KP,KKKKPP6$KP,PP-PK-$KKP
$P.C*KP,KKKK$~#%#C,*P-PK-$KKP
K%.C$KP,KKKK##C*KP,~P-PK-$KKP
K~.$6KP,KKKKKPC%%C,$P-PK-$KKP
P%.C$KP,KKKK~CK*CP,#P-PK-$KKP
$P.C%KP,KKKK#CC~:C,CK-*K-$KKP
K$.%6KP,KKKK%~~KKP,PK-*K-$KKP
K~.#$KP,KKKK##$:#C,*K-*K-$KKP
C6.K%KP,KKKK:C:P#C,~K-*K-$KKP
CP.K:KP,KKKK:C:~:C,%K-*K-$KKP
$$.*%KP,KKKKK%6:6C,#K-*K-$KKP
:P.C6KP,KKKKP$$:#C,:K-*K-$KKP
P%.:$KP,KKKK:%$P#C,KC-*K-$KKP
K6.C~KP,KKKK:KP:%C,CC-*K-$KKP
~K.C$KP,KKKKP%%K%C,~C-*K-$KKP
#:.~*KP,KKKK:%#*#C,$C-*K-$KKP
$%.$CKP,KKKK:6:6:C,6C-*K-$KKP
P~.6CKP,KKKKPC$~%C,%C-*K-$KKP
:%.%KKP,KKKK#:6KCP,#C-*K-$KKP
C$.%KKP,KKKKKKCC6C,CP-*K-$KKP
~*.:#:C,KKKK$:$K#C,PP-*K-$KKP
PP.K::C,KKKK$CC~%C,*P-*K-$KKP
6K.C::C,KKKK*:%:6C,~P-*K-$KKP
P$.P::C,KKKKP6%#~C,#P-*K-$KKP
##.*%:C,KKKK~#%:%C,:P-*K-$KKP
%6.$KKP,KKKKC6*$%C,K*-*K-$KKP
*P.:::C,KKKK%:6#6C,C*-*K-$KKP
C#.~#:C,KKKK:6:6#C,CK-~K-$KKP
%K.C::C,KKKKC*:#$C,~K-~K-$KKP
P*.:::C,KKKKC$%~6C,$K-~K-$KKP
~C.:::C,KKKKK~6~%C,6K-~K-$KKP
:%.#CKP,KKKK%P~C%C,%K-~K-$KKP
$*.:::C,KKKK~*6C$C,#K-~K-$KKP
PC.P::C,KKKK:~P#*C,CC-~K-$KKP
K~.$KKP,KKKK%#C*:C,PC-~K-$KKP
%*.~%:C,KKKK$~$K%C,*C-~K-$KKP
C%.6~:C,KKKK6KK*:C,~C-~K-$KKP
$C.#K:C,KKKKP6~C*P,$C-~K-$KKP
P:.PC:C,KKKK6*K~#C,#C-~K-$KKP
6*.P*:C,KKKK*#P:%C,:C-~K-$KKP
6%.*C:C,KKKK$:~KKP,KP-~K-$KKP
C~.P6:C,KKKK:~C$:C,CP-~K-$KKP
:C.P*:C,KKKK*%PK#C,PP-~K-$KKP
#%.K$:C,KKKKP~P~~C,$P-~K-$KKP
~~.%P:C,KKKK~KK%6C,6P-~K-$KKP
*~.K*:C,KKKKCP~6%C,%P-~K-$KKP
#C.~K:C,KKKK~*C6#C,#P-~K-$KKP
$6.CP:C,KKKK$$:*KP,:P-~K-$KKP
$6.#P:C,KKKK$%%~$C,PK-$K-$KKP
%K.**:C,KKKK~C#6#C,*K-$K-$KKP
*P.P6:C,KKKKP#%%#C,~K-$K-$KKP
K#.C6:C,KKKK##:C%C,$K-$K-$KKP
$*.%6:C,KKKKPCCC$C,6K-$K-$KKP
%6.:%:C,KKKKCKC~~C,:K-$K-$KKP
%%.P6:C,KKKKP$$:$C,KC-$K-$KKP
$$.C%:C,KKKK6C6C%C,CC-$K-$KKP
##.*6:C,KKKK*~*#%C,PC-$K-$KKP
#%.6%:C,KKKK#:#%#C,*C-$K-$KKP
*~.~::C,KKKK:PK:*C,6C-$K-$KKP
$C.~KKP,KKKKC$KP$C,%C-$K-$KKP
$6.K*KP,KKKK##%$:C,#C-$K-$KKP
#$.P~KP,KKKK#$KK%C,:C-$K-$KKP
P~.6~KP,KKKKP%P:~C,KP-$K-$KKP
$6.6$KP,KKKK*CKP6C,*P-$K-$KKP
P6.C6KP,KKKK~:$:6C,~P-$K-$KKP
PC.K$KP,KKKKKK*:~C,$P-$K-$KKP
~P.C%KP,KKKK6~6:$C,6P-$K-$KKP
*%.$%KP,KKKK$*%*PC,%P-$K-$KKP
PP.#6KP,KKKK~%#%$C,C*-$K-$KKP
6#.%#KP,KKKKC%:%%C,CK-6K-$KKP
K#.%:KP,KKKKP66~%C,PK-6K-$KKP
*~.C%KP,KKKKK:%*6C,*K-6K-$KKP
6%.$%KP,KKKK$C%%~C,6K-6K-$KKP
6C.%6KP,KKKK*$6~#C,%K-6K-$KKP
#C.K6KP,KKKK~$PK6C,#K-6K-$KKP
C:.6%KP,KKKK%6666C,:K-6K-$KKP
KK.*6KP,KKKK#*:~~C,KC-6K-$KKP
6:.#6KP,KKKK*CP*~C,*C-6K-$KKP
~K.:6KP,KKKK$#$K~C,~C-6K-$KKP
P:.~%KP,KKKK%6P%6C,$C-6K-$KKP
$C.:#KP,KKKKPK*:%C,6C-6K-$KKP
CC.K:KP,KKKK#P*::C,%C-6K-$KKP
*C.##KP,KKKKCC#K~C,KP-6K-$KKP
%K.C:KP,KKKK#~%$$C,CP-6K-$KKP
*K.P:KP,KKKK~~#66C,PP-6K-$KKP
66.K%KP,KKKK#~:KKP,*P-6K-$KKP
%P.*$KP,KKKKKKC$CP,~P-6K-$KKP
KP.$~KP,KKKKK*#~~C,%P-6K-$KKP
:#.:6KP,KKKKKP~#$C,#P-6K-$KKP
:#.#6KP,KKKK6*K~6C,:P-6K-$KKP
6:.6$KP,KKKKK$C*%C,K*-6K-$KKP
%*.%$KP,KKKKKP6%CC,CK-%K-$KKP
$%.#%KP,KKKKK*K~~C,$K-%K-$KKP
$6.#6KP,KKKK#KP:$C,6K-%K-$KKP
66.$%KP,KKKK6#%C6C,%K-%K-$KKP
##.PCCP,KKKK#P$#6C,#K-%K-$KKP
*~.$*CP,KKKKK#K%%C,CC-%K-$KKP
$C.*~CP,KKKKP$%$6C,PC-%K-$KKP
CC.~~CP,KKKKKKK~$C,*C-%K-$KKP
P#.P$CP,KKKKC*P%#C,~C-%K-$KKP
#%.6$CP,KKKK6:~*$C,$C-%K-$KKP
%#.~~CP,KKKK%P%K*C,#C-%K-$KKP
#C.*%CP,KKKK%6P*6C,:C-%K-$KKP
%$.##CP,KKKK%K%$:C,KP-%K-$KKP
K6.#%CP,KKKK##~*KP,CP-%K-$KKP
~%.:%CP,KKKK6*K66C,PP-%K-$KKP
~%.66CP,KKKKPK*P$C,$P-%K-$KKP
::.$%CP,KKKK~#C$6C,6P-%K-$KKP
PP.6#CP,KKKK%KK$%C,%P-%K-$KKP
~~.#:CP,KKKK%#*#6C,#P-%K-$KKP
*#.~#CP,KKKK$:*C6C,:P-%K-$KKP
#*.$:CP,KKKK#6P:~C,CK-#K-$KKP
$C.#CPP,KKKKPK$*%C,PK-#K-$KKP
C#.6CPP,KKKK~~P$%C,*K-#K-$KKP
P*.C:CP,KKKK#*C:$C,~K-#K-$KKP
C:.%%CP,KKKK~%C%~C,$K-#K-$KKP
:*.~6CP,KKKKCKC*~C,#K-#K-$KKP
:C.~%CP,KKKK%~K6~C,:K-#K-$KKP
C#.%$CP,KKKK#6%C#C,KC-#K-$KKP
$$.~%CP,KKKK:KP#$C,CC-#K-$KKP
K:.6$CP,KKKKC~C$$C,PC-#K-$KKP
~K.%6CP,KKKK6~K#*C,$C-#K-$KKP
6K.%*CP,KKKKP*K~$C,6C-#K-$KKP
$C.$~CP,KKKKCK#C$C,%C-#K-$KKP
#K.6*CP,KKKK#%C:*C,#C-#K-$KKP
6$.$*CP,KKKK%P$KPC,:C-#K-$KKP
C~.C~CP,KKKK$6C$*C,PP-#K-$KKP
$P.%*CP,KKKK%PC~*C,*P-#K-$KKP
C:.#PCP,KKKK#$#C%C,~P-#K-$KKP
%*.~*CP,KKKK#$%K*C,$P-#K-$KKP
%%.KPCP,KKKK*CC6PC,6P-#K-$KKP
$6.%*CP,KKKK6$#6PC,:P-#K-$KKP
6%.:PCP,KKKKK~6*~C,K*-#K-$KKP
:K.P$CP,KKKK#%C*6C,C*-#K-$KKP
K:.%~CP,KKKKP**P6C,CK-:K-$KKP
%K.C~CP,KKKK$~K*CC,PK-:K-$KKP
6#.66CP,KKKK:C*K~C,6K-:K-$KKP
*K.P%CP,KKKKP#K#~C,%K-:K-$KKP
*K.66CP,KKKK%K#%$C,#K-:K-$KKP
C$.$%CP,KKKK~$%C6C,:K-:K-$KKP
*#.P#CP,KKKK~$*P%C,PC-:K-$KKP
$%.C%CP,KKKK%$~P%C,*C-:K-$KKP
**.:~CP,KKKK$P#:6C,~C-:K-$KKP
$C.6~CP,KKKK66~~%C,$C-:K-$KKP
$*.K6CP,KKKK*K:6PP,6C-:K-$KKP
6P.$~CP,KKKK~C~K6C,:C-:K-$KKP
**.C*CP,KKKK%6$~#C,KP-:K-$KKP
~6.6KCP,KKKK%*P%%C,CP-:K-$KKP
#%.KCCP,KKKK*:P:6C,PP-:K-$KKP
~#.6CCP,KKKKPC~K6C,*P-:K-$KKP
6~.CPCP,KKKKC~PK$C,6P-:K-$KKP
P~.6CCP,KKKK66#$6C,%P-:K-$KKP
K~.$CCP,KKKK$#*K%C,#P-:K-$KKP
PP.C~CP,KKKKP$CK#C,:P-:K-$KKP
:6.C$CP,KKKK%:KC6C,K*-:K-$KKP
*~.$$CP,KKKKP~~:%C,*K-KC-$KKP
6*.:*CP,KKKKK*$KKP,~K-KC-$KKP
PK.*KCP,KKKKK:*P:C,$K-KC-$KKP
#K.~#KP,KKKK6*%KCP,6K-KC-$KKP
$*.K:KP,KKKK#%~~~C,%K-KC-$KKP
P:.#%KP,KKKKCP:%*C,KC-KC-$KKP
:K.C6KP,KKKK6:C$#C,CC-KC-$KKP
%~.%*KP,KKKK$%~CKP,PC-KC-$KKP
PP.%~KP,KKKK:$%%%C,*C-KC-$KKP
*#.~6KP,KKKK*~$$$C,~C-KC-$KKP
K*.K%KP,KKKK*K66PC,%C-KC-$KKP
KK.6$KP,KKKK*%K6~C,#C-KC-$KKP
~P.C:KP,KKKKK**:#C,:C-KC-$KKP
CC.#6KP,KKKK*:%:%C,KP-KC-$KKP
CP.P#KP,KKKKK%K%%C,CP-KC-$KKP
*#.$CCP,KKKK%~C$$C,~P-KC-$KKP
$~.:KCP,KKKKPC::$C,$P-KC-$KKP
$K.KKCP,KKKKKKP*#C,6P-KC-$KKP
C#.*6KP,KKKKK6#C%C,%P-KC-$KKP
##.:#KP,KKKK6$6##C,#P-KC-$KKP
K*.KPCP,KKKK6%:6#C,C*-KC-$KKP
$K.~CCP,KKKK*P*K:C,CK-CC-$KKP
C*.~~CP,KKKK:P*%CP,PK-CC-$KKP
PP.K6CP,KKKK$P6~*P,*K-CC-$KKP
*~.:6CP,KKKKC6::6C,~K-CC-$KKP
~P.#%CP,KKKKPCCP6C,%K-CC-$KKP
%K.P%CP,KKKK%*::$C,#K-CC-$KKP
C#.$%CP,KKKK#C~:$C,:K-CC-$KKP
#6.6:CP,KKKK*K#*:C,KC-CC-$KKP
%~.PKPP,KKKKK:~$~C,CC-CC-$KKP
$:.KKPP,KKKK6*$#*C,~C-CC-$KKP
~%.6#CP,KKKKC#~#6C,$C-CC-$KKP
*:.%#CP,KKKK6%CP%C,6C-CC-$KKP
6~.KPPP,KKKK6#:K#C,%C-CC-$KKP
%K.%PPP,KKKK$#*::C,#C-CC-$KKP
%6.C~PP,KKKK:#C66C,CP-CC-$KKP
6$.*$PP,KKKK6$6$#C,PP-CC-$KKP
#:.:$PP,KKKKC%$#$C,*P-CC-$KKP
CK.*6PP,KKKKP~$*6,$P-CC-$KKP
%*.:*PP,KKKK#*:$$C,#P-CC-$KKP
C%.P*PP,KKKK~$*$%C,:P-CC-$KKP
P#.P*PP,KKKK#K6%#C,K*-CC-$KKP
%C.%6PP,KKKKP~KCKP,CK-PC-$KKP
%*.*%PP,KKKKC$#$%C,PK-PC-$KKP
~6.%$PP,KKKKP::$6C,$K-PC-$KKP
6%.K6PP,KKKKKP##%C,6K-PC-$KKP
CK.P$PP,KKKK*$**%C,%K-PC-$KKP
6~.6~PP,KKKK6*#K:C,#K-PC-$KKP
*%.6$PP,KKKK%$#$6C,:K-PC-$KKP
$:.K6PP,KKKK#P:%6C,PC-PC-$KKP
KK.$6PP,KKKK#:*%#C,*C-PC-$KKP
:$.P6PP,KKKKCP6%6C,~C-PC-$KKP
*6.K6PP,KKKK*6~K#C,$C-PC-$KKP
#~.P$PP,KKKK#~~:PP,6C-PC-$KKP
~%.PPPP,KKKK*$$~%C,:C-PC-$KKP
P~.PPPP,KKKKP:PK%C,KP-PC-$KKP
66.C*PP,KKKK*KK*6C,CP-PC-$KKP
:~.6~PP,KKKK###:~C,PP-PC-$KKP
P~.:~PP,KKKK%*#%:,*P-PC-$KKP
:#.6PPP,KKKKK$K$PC,%P-PC-$KKP
~:.#PPP,KKKK~$CPPC,#P-PC-$KKP
6C.#CPP,KKKK$*$#CC,:P-PC-$KKP
P*.$KPP,KKKK$K~#PC,K*-PC-$KKP
~%.*~PP,KKKKK*#::C,*K-CK-6KKP
6~.*6PP,KKKK6$%##C,~K-CK-6KKP
%#.6%PP,KKKK$%C:#C,$K-CK-6KKP
P6.$K*P,KKKK~6**PP,6K-CK-6KKP
:6.#C*P,KKKK~C:~:C,:K-CK-6KKP
P*.KP*P,KKKK6C#%:C,KC-CK-6KKP
6*.C**P,KKKKK6K#*P,CC-CK-6KKP
:6.6C*P,KKKK6~CCKP,PC-CK-6KKP
~K.%C*P,KKKKC~~#%C,*C-CK-6KKP
:6.PK*P,KKKK6PPK%C,%C-CK-6KKP
~6.:%PP,KKKKK:6%PP,#C-CK-6KKP
C#.CK*P,KKKK$C#K*P,:C-CK-6KKP
K%.%~PP,KKKK~C#~*P,KP-CK-6KKP
%~.#~PP,KKKK#~PK:C,*P-CK-6KKP
$P.$6PP,KKKK%~%6KP,~P-CK-6KKP
$6.K6PP,KKKKPC##CP,$P-CK-6KKP
KK.*#PP,KKKKP:~K~P,6P-CK-6KKP
*P.~K*P,KKKK:6C**P,%P-CK-6KKP
#%.6K*P,KKKK*%KK:C,K*-CK-6KKP
P#.$K*P,KKKKK:$*PP,C*-CK-6KKP
6$.KC*P,KKKKC6~%PP,CK-PK-6KKP
%$.C#PP,KKKK*#%K*P,PK-PK-6KKP
#$.P6PP,KKKKPKK*PP,*K-PK-6KKP
K#.#$PP,KKKK*$:6%C,6K-PK-6KKP
6:.~~PP,KKKK#C%CCP,%K-PK-6KKP
#:.66PP,KKKK%%C#CP,#K-PK-6KKP
%#.$$PP,KKKKC*CP*P,:K-PK-6KKP
##.C6PP,KKKK*%%CKP,KC-PK-6KKP
C#.:*PP,KKKKKKP66C,*C-PK-6KKP
%C.P6PP,KKKKK*$K#C,~C-PK-6KKP
*~.6%PP,KKKK$K*#%C,$C-PK-6KKP
*6.~:PP,KKKK%~K~:C,6C-PK-6KKP
6*.P#PP,KKKK~6#~:C,%C-PK-6KKP
6:.P6PP,KKKK#C%~%C,CP-PK-6KKP
%C.*#PP,KKKKCC~P#C,PP-PK-6KKP
P*.:%PP,KKKKKP~$%C,*P-PK-6KKP
~K.%#PP,KKKK#:*#$C,~P-PK-6KKP
#C.%K*P,KKKKP~~C%C,%P-PK-6KKP
:*.C#PP,KKKK6$KPCP,#P-PK-6KKP
~6.~C*P,KKKKP~K:CP,CK-*K-6KKP
CC.CC*P,KKKKKC:#KP,PK-*K-6KKP
K6.PK*P,KKKK~K:#*P,*K-*K-6KKP
*K.6#PP,KKKK#PPCCP,6K-*K-6KKP
#*.#6PP,KKKKC*#K:C,%K-*K-6KKP
6~.%6PP,KKKK~K~#KP,#K-*K-6KKP
P%.:~PP,KKKK6$%$:C,:K-*K-6KKP
~K.P6PP,KKKKK%P$%C,KC-*K-6KKP
*K.%6PP,KKKK$$:~6C,*C-*K-6KKP
K:.$:PP,KKKK$%CC:C,~C-*K-6KKP
~#.CC*P,KKKKP$K:KP,$C-*K-6KKP
6$.::PP,KKKK~P~~*P,6C-*K-6KKP
#~.6K*P,KKKKPCK~$P,%C-*K-6KKP
CC.~C*P,KKKKP#*~:C,KP-*K-6KKP
*P.~:PP,KKKK*~K6*P,CP-*K-6KKP
$*.*K*P,KKKKPP6CCP,PP-*K-6KKP
$C.KK*P,KKKK$%*6:C,*P-*K-6KKP
P#.PC*P,KKKK~K#P:C,~P-*K-6KKP
#$.$C*P,KKKKPPK$#C,%P-*K-6KKP
6~.~K*P,KKKKC$%::C,#P-*K-6KKP
#%.%**P,KKKKK*$%*P,:P-*K-6KKP
P#.K~*P,KKKKC#K6CP,K*-*K-6KKP
:%.:**P,KKKKP6C$#C,C*-*K-6KKP
~%.6**P,KKKK6:P$:C,*K-~K-6KKP
6*.$~*P,KKKKP*P#KP,~K-~K-6KKP
$%.:$*P,KKKK~~%PKP,$K-~K-6KKP
%C.C6*P,KKKK6#C~CP,6K-~K-6KKP
PK.:**P,KKKK6*PKKP,%K-~K-6KKP
%P.***P,KKKK$:K~#C,KC-~K-6KKP
$*.KC*P,KKKK#%#:KP,CC-~K-6KKP
#6.~C*P,KKKKC$6*$C,PC-~K-6KKP
CC.6P*P,KKKK#:6C$C,*C-~K-6KKP
6C.CC*P,KKKK%C6%%C,%C-~K-6KKP
~C.6$*P,KKKKK#P$PP,#C-~K-6KKP
##.K%*P,KKKK:6%%KP,:C-~K-6KKP
$$.P6*P,KKKKPC$PCP,KP-~K-6KKP
6#.P~*P,KKKK#K6P*P,CP-~K-6KKP
#*.***P,KKKK*C#KKP,~P-~K-6KKP
K*.K**P,KKKK#%CK*P,$P-~K-6KKP
*6.***P,KKKK*P~#KP,6P-~K-6KKP
$:.~~*P,KKKK6$*%$P,%P-~K-6KKP
%$.PP*P,KKKK6%CK$P,#P-~K-6KKP
:%.~K*P,KKKKPC6%KP,CK-$K-6KKP
~#.:K*P,KKKK~%K%KP,PK-$K-6KKP
%:.*K*P,KKKK6P%PCP,*K-$K-6KKP
K:.*P*P,KKKKCC~$KP,~K-$K-6KKP
%$.P~*P,KKKK6P:#:C,$K-$K-6KKP
::.~~*P,KKKK6P6P%C,#K-$K-6KKP
$P.#**P,KKKK*P$~#C,:K-$K-6KKP
~%.KP*P,KKKK%P~CKP,KC-$K-6KKP
K%.P%PP,KKKK%%6~~P,CC-$K-6KKP
#%.*~PP,KKKKC$:#PP,PC-$K-6KKP
P$.#*PP,KKKKK%6KKP,$C-$K-6KKP
*C.:PPP,KKKKP66::C,6C-$K-6KKP
K#.$:CP,KKKKK#%**P,%C-$K-6KKP
P*.K#CP,KKKK~6PPKP,#C-$K-6KKP
##.*:CP,KKKK#*~C$P,:C-$K-6KKP
6#.P%CP,KKKK6::6PP,PP-$K-6KKP
6%.#$CP,KKKK$%C*CP,*P-$K-6KKP
%C.:6CP,KKKKPK%:$P,~P-$K-6KKP
~P.#:CP,KKKK6:#PKP,$P-$K-6KKP
%*.KCPP,KKKKK%K~$C,6P-$K-6KKP
~%.~6CP,KKKK66#C%C,K*-$K-6KKP
##.#%CP,KKKK6K:CCP,C*-$K-6KKP
6#.:CPP,KKKK~%#%KP,CK-6K-6KKP
C~.:CPP,KKKK#***:C,PK-6K-6KKP
P6.:6CP,KKKK$P**%C,$K-6K-6KKP
#%.P6CP,KKKK~$:#KP,6K-6K-6KKP
K#.C$CP,KKKK%#*C:C,%K-6K-6KKP
P*.$~CP,KKKKKC#~:P,#K-6K-6KKP
6K.$*CP,KKKK~%~$%C,:K-6K-6KKP
P*.C:KP,KKKKP%%##C,PC-6K-6KKP
%~.P%KP,KKKKK$~:$P,*C-6K-6KKP
KK.6#KP,KKKK~CK:KP,~C-6K-6KKP
$C.~~CP,KKKK:~CKPP,$C-6K-6KKP
$:.:PCP,KKKK$C#P~P,6C-6K-6KKP
P~.KCCP,KKKK#$C#6C,:C-6K-6KKP
6K.%KCP,KKKKKCP%$C,KP-6K-6KKP
KP.C~CP,KKKK$#~$#C,CP-6K-6KKP
#:.PPCP,KKKKK%~~6C,PP-6K-6KKP
%~.CPCP,KKKKC$~C6C,*P-6K-6KKP
%6.**CP,KKKK~:P:*C,6P-6K-6KKP
$P.KKCP,KKKK%C##%C,%P-6K-6KKP
~#.CCCP,KKKKC*C:$C,#P-6K-6KKP
#*.~%CP,KKKK:*$6CP,:P-6K-6KKP
:K.P%CP,KKKK~##$~P,K*-6K-6KKP
*~.K:CP,KKKKKP##%,*K-%K-6KKP
~*.*$CP,KKKK%:6#$C,$K-%K-6KKP
:K.$$CP,KKKK:K$#$C,6K-%K-6KKP
6K.K*CP,KKKK%#:$%C,%K-%K-6KKP
*:.6CCP,KKKK:%C6$C,KC-%K-6KKP
6#.#PCP,KKKKK$C%:C,CC-%K-6KKP
~P.K:KP,KKKKP$6%%C,PC-%K-6KKP
CC.~$KP,KKKK~KPPKP,*C-%K-6KKP
$*.%*KP,KKKK6::%%C,~C-%K-6KKP
P%.%*KP,KKKK##~K$C,%C-%K-6KKP
PP.*~KP,KKKK##6::C,#C-%K-6KKP
C%.K#KP,KKKK~%~K*P,:C-%K-6KKP
P~.:*KP,KKKK$~C$:C,KP-%K-6KKP
:*.KPKP,KKKK:#6~*P,CP-%K-6KKP
~#.C6KP,KKKK%#$%:C,~P-%K-6KKP
K:.*%KP,KKKKC%*C:C,$P-%K-6KKP
6~.K%KP,KKKKC**%KP,6P-%K-6KKP
%~.~$KP,KKKKKCKPCP,%P-%K-6KKP
~C.~:KP,KKKK:P*K#C,#P-%K-6KKP
%~.C:KP,KKKK%PP#$C,C*-%K-6KKP
::.C6KP,KKKK%K*66C,CK-#K-6KKP
C#.#%KP,KKKK*%$$%C,PK-#K-6KKP
~*.P:KP,KKKK:%#C#C,*K-#K-6KKP
$K.$#KP,KKKK~KP*#C,~K-#K-6KKP
K$.P%KP,KKKK%C#P~C,%K-#K-6KKP
$#.K6KP,KKKK~~:##C,#K-#K-6KKP
#P.K6KP,KKKK6K~%KP,:K-#K-6KKP
~%.C%KP,KKKKP*K*%C,KC-#K-6KKP
C%.%$KP,KKKK*$*P~C,CC-#K-6KKP
~K.:6KP,KKKKPCK#~C,~C-#K-6KKP
CK.$CCP,KKKK66$$%C,$C-#K-6KKP
~$.:~CP,KKKK6%~%~P,6C-#K-6KKP
C6.%$CP,KKKKPK:C:C,%C-#K-6KKP
$:.*6CP,KKKK:%*#6C,#C-#K-6KKP
$%.%~CP,KKKKKK~C*C,CP-#K-6KKP
PK.K$CP,KKKK~:$$$C,PP-#K-6KKP
66.~*CP,KKKK#C%$~C,*P-#K-6KKP
CC.%*CP,KKKK6*~K~C,~P-#K-6KKP
:P.K~CP,KKKKC$P#PC,$P-#K-6KKP
K%.K6CP,KKKK6#***C,#P-#K-6KKP
K*.P%CP,KKKK::K#$C,:P-#K-6KKP
*%.$#CP,KKKK*KKP6C,K*-#K-6KKP
$%.*#CP,KKKKCPKK%C,C*-#K-6KKP
6C.*:CP,KKKK~$$P*C,CK-:K-6KKP
K%.$KPP,KKKK6~P*%C,$K-:K-6KKP
~#.%6CP,KKKK#K%:%C,6K-:K-6KKP
:P.$$CP,KKKK:C%~#C,%K-:K-6KKP
:%.$6CP,KKKKPP%$~C,#K-:K-6KKP
$P.*%CP,KKKK#P~:6C,CC-:K-6KKP
P#.$CPP,KKKK::%KKP,PC-:K-6KKP
%6.%PPP,KKKK*$K6#C,*C-:K-6KKP
*%.#PPP,KKKKK66P#C,~C-:K-6KKP
:$.$*PP,KKKK%#$$~P,$C-:K-6KKP
$%.$*PP,KKKKKP~C:C,#C-:K-6KKP
%*.PPPP,KKKKP::%KP,:C-:K-6KKP
:#.P$PP,KKKK~:~6CP,KP-:K-6KKP
$%.%*PP,KKKKCC*::C,CP-:K-6KKP
*:.#CPP,KKKK~$6~6C,PP-:K-6KKP
%K.:~PP,KKKK6#**#C,$P-:K-6KKP
~*.C6PP,KKKK~CCCKP,6P-:K-6KKP
:*.*6PP,KKKKKC:*KP,%P-:K-6KKP
PK.K%PP,KKKK6P$K#C,#P-:K-6KKP
*~.#$PP,KKKKPCPC#C,:P-:K-6KKP
K6.%*PP,KKKK%C:6%C,PK-KC-6KKP
$6.*~PP,KKKKK#6~:C,*K-KC-6KKP
$:.K:PP,KKKK#PK:CP,~K-KC-6KKP
~*.6K*P,KKKK:KCC:C,$K-KC-6KKP
::.::PP,KKKK%~P%6C,6K-KC-6KKP
%%.CC*P,KKKK#P$#~C,:K-KC-6KKP
*~.$C*P,KKKK6*K6%C,KC-KC-6KKP
%P.#K*P,KKKKK6$::C,CC-KC-6KKP
#C.6~*P,KKKK6:*KKP,PC-KC-6KKP
:P.%$*P,KKKK*$K~:C,*C-KC-6KKP
~#.*6*P,KKKKP6*P#C,6C-KC-6KKP
$:.~~*P,KKKK$:$PCP,%C-KC-6KKP
$C.%**P,KKKK$%K*CP,#C-KC-6KKP
~:.K~*P,KKKK:6KKKP,:C-KC-6KKP
K*.P~*P,KKKK%KPP:C,KP-KC-6KKP
6$.$$*P,KKKK#~*P#C,*P-KC-6KKP
~#.~~*P,KKKK##6$#C,~P-KC-6KKP
:$.6$*P,KKKK#%KKCP,$P-KC-6KKP
KC.:%*P,KKKK~$:**P,6P-KC-6KKP
P6.K$*P,KKKK$:#6PP,%P-KC-6KKP
%%.*6*P,KKKK#C~P%C,K*-KC-6KKP
C%.66*P,KKKK$CPP:C,C*-KC-6KKP
$*.~**P,KKKKPK%PKP,CK-CC-6KKP
PK.~**P,KKKKC*%##C,PK-CC-6KKP
:%.K**P,KKKK$KK*#C,*K-CC-6KKP
$:.$6*P,KKKK$PP:#C,6K-CC-6KKP
##.$%*P,KKKK%%##KP,%K-CC-6KKP
~:.~#*P,KKKKPK6%KP,#K-CC-6KKP
CK.6%*P,KKKK~PK#*P,:K-CC-6KKP
P%.:#*P,KKKK6~K#6C,KC-CC-6KKP
#*.6K~P,KKKKC#KP%C,*C-CC-6KKP
66.K*~P,KKKK%*6P:C,~C-CC-6KKP
$%.P~~P,KKKK%#*KCP,$C-CC-6KKP
6K.:~~P,KKKK*##*KP,6C-CC-6KKP
6#.$~~P,KKKKK~P*%C,%C-CC-6KKP
P%.P$~P,KKKK#~%:6C,KP-CC-6KKP
~#.~$~P,KKKK%PK66C,CP-CC-6KKP
#:.$6~P,KKKKPC*%$C,PP-CC-6KKP
6P.K6~P,KKKKC$C#6,~P-CC-6KKP
P:.$K~P,KKKKK*K$:C,%P-CC-6KKP
C6.PC~P,KKKK*6#$:C,#P-CC-6KKP
*P.P*~P,KKKK*~*K:C,:P-CC-6KKP
%%.C*~P,KKKKKP~*CP,K*-CC-6KKP
CP.*C~P,KKKKP$K~KP,CK-PC-6KKP
:*.#~~P,KKKK*$~$:C,~K-PC-6KKP
#*.P$~P,KKKKK6K::C,$K-PC-6KKP
6#.$~~P,KKKKKK:##C,6K-PC-6KKP
:6.%P~P,KKKK*KC$KP,%K-PC-6KKP
6*.%*~P,KKKKK6K~#C,#K-PC-6KKP
6#.P~~P,KKKK~**C#C,CC-PC-6KKP
K6.C*~P,KKKK~$%P:C,PC-PC-6KKP
C~.P*~P,KKKK*~P#%C,*C-PC-6KKP
$#.*$~P,KKKKC$:##C,~C-PC-6KKP
KP.%$~P,KKKK$6~P*P,$C-PC-6KKP
%$.$*~P,KKKK$*6*:C,#C-PC-6KKP
$$.:P~P,KKKKP%K6:C,:C-PC-6KKP
C6.%P~P,KKKK*$:~%C,KP-PC-6KKP
$#.$C~P,KKKK##P*%C,CP-PC-6KKP
#C.CK~P,KKKK*$6K*C,PP-PC-6KKP
C$.*C~P,KKKKKP6CKC,6P-PC-6KKP
PP.C*~P,KKKK6P6CPC,%P-PC-6KKP
%$.$P~P,KKKK*$%*PC,#P-PC-6KKP
:P.$C~P,KKKKP:*C~C,:P-PC-6KKP
6C.*P~P,KKKK#P$*~P,*K-CK-%KKP
*~.*$~P,KKKKCP~KCP,~K-CK-%KKP
$P.~*~P,KKKK6*K6KP,$K-CK-%KKP
KP.#*~P,KKKKP6$K:C,#K-CK-%KKP
*#.*~~P,KKKK6C~~CP,:K-CK-%KKP
**.:$~P,KKKKCP~%PP,KC-CK-%KKP
$#.~#~P,KKKK%P6*~P,CC-CK-%KKP
P#.PK$P,KKKKC#$%CP,PC-CK-%KKP
#%.%:~P,KKKK$$:*CP,6C-CK-%KKP
P~.:%~P,KKKK##*%PP,%C-CK-%KKP
CP.*~~P,KKKK#C6$~P,#C-CK-%KKP
C*.C$~P,KKKK:#%*KP,:C-CK-%KKP
%K.C*~P,KKKK6#KK:C,PP-CK-%KKP
C~.C*~P,KKKKKCCKKP,*P-CK-%KKP
#P.66~P,KKKK~KPKPP,~P-CK-%KKP
~P.~*~P,KKKK#PPKPP,$P-CK-%KKP
:~.$*~P,KKKK#K%6KP,6P-CK-%KKP
:K.C~~P,KKKKK~$C:C,:P-CK-%KKP
~6.#~~P,KKKKK6:6%C,K*-CK-%KKP
*:.*6~P,KKKKC%6#CP,C*-CK-%KKP
#*.#6~P,KKKK~KK%CP,CK-PK-%KKP
##.$%~P,KKKK%%6%#C,PK-PK-%KKP
K6.K%~P,KKKKC*$%#C,$K-PK-%KKP
:~.C%~P,KKKKC%*CCP,6K-PK-%KKP
K$.K:~P,KKKKC~#:CP,%K-PK-%KKP
%6.##~P,KKKK##$::C,#K-PK-%KKP
P#.:$~P,KKKK:$6#CP,:K-PK-%KKP
#*.K$~P,KKKK$PK~#C,PC-PK-%KKP
##.:$~P,KKKK:*CP#C,*C-PK-%KKP
#*.##~P,KKKK#$*%CP,~C-PK-%KKP
KC.%:~P,KKKK%6:~:C,$C-PK-%KKP
C*.6:~P,KKKK*~%##C,6C-PK-%KKP
~K.*C$P,KKKK:$$6CP,KP-PK-%KKP
P~.#C$P,KKKK$~PCKP,CP-PK-%KKP
~:.~P$P,KKKK6:K$#C,PP-PK-%KKP
KC.$C$P,KKKKPPPCKP,*P-PK-%KKP
P$.~K$P,KKKK#~PC:C,6P-PK-%KKP
6#.%K~P,KKKK#*%*K*,%P-PK-%KKP
$C.6C~P,KKKK$~KP6P,#P-PK-%KKP
CP.~K~P,KKKK$%KC%P,CK-*K-%KKP
KK.#6*P,KKKK:%P$*P,PK-*K-%KKP
#6.K~*P,KKKK#6C:PP,$K-*K-%KKP
~C.$#*P,KKKK*~CPCP,6K-*K-%KKP
~6.~%*P,KKKK**:$:C,%K-*K-%KKP
*%.%#*P,KKKKC::#:C,#K-*K-%KKP
$$.%#*P,KKKK$K$%#C,:K-*K-%KKP
:P.PK~P,KKKK#:%*6C,PC-*K-%KKP
%$.K$*P,KKKKKK$*PP,*C-*K-%KKP
~%.C%*P,KKKK*6$$PP,~C-*K-%KKP
K%.#%*P,KKKK*~K:6C,$C-*K-%KKP
66.P%*P,KKKK$6C*KP,6C-*K-%KKP
C~.~:*P,KKKK%:K$6C,:C-*K-%KKP
CP.#K~P,KKKK~:C6%C,KP-*K-%KKP
P:.$$~P,KKKK~%#$CP,CP-*K-%KKP
~%.C$~P,KKKK:P%##C,PP-*K-%KKP
*:.#~~P,KKKK%~~*6C,*P-*K-%KKP
*6.$$~P,KKKK%#%C#C,6P-*K-%KKP
*~.%*~P,KKKK6K#K%C,%P-*K-%KKP
KC.%C~P,KKKKC*#6#C,#P-*K-%KKP
##.%C~P,KKKK%K6P:C,:P-*K-%KKP
~6.CP~P,KKKK$$#::C,K*-*K-%KKP
6P.PP~P,KKKK%C~#%C,PK-~K-%KKP
**.K$~P,KKKK*KP*:C,*K-~K-%KKP
:6.#$~P,KKKKK***:C,~K-~K-%KKP
~*.C%~P,KKKKK#%*$C,$K-~K-%KKP
#C.:6~P,KKKK##~C%C,:K-~K-%KKP
C6.%%~P,KKKK*$~*#C,KC-~K-%KKP
C*.:$~P,KKKK%:%$:C,CC-~K-%KKP
P*.K#~P,KKKKK$$K:C,PC-~K-%KKP
~:.C:~P,KKKKP*~*#C,*C-~K-%KKP
**.#C$P,KKKKC~:%%C,6C-~K-%KKP
$:.6C$P,KKKKP:KK:C,%C-~K-%KKP
K$.KC$P,KKKK6%6~KP,#C-~K-%KKP
$*.$K$P,KKKKP:PCCP,:C-~K-%KKP
:*.6P$P,KKKK%P~#KP,KP-~K-%KKP
%6.*P$P,KKKK*$#P:C,*P-~K-%KKP
~$.~P$P,KKKKC6KPPP,~P-~K-%KKP
:#.%~$P,KKKKPC~~6P,$P-~K-%KKP
6~.~$$P,KKKK:K6K~P,6P-~K-%KKP
CP.%$$P,KKKK6C#%KP,%P-~K-%KKP
:K.$P$P,KKKKC%K#KP,K*-~K-%KKP
*$.C*$P,KKKK$%C$*P,CK-$K-%KKP
~#.%$$P,KKKK$C*%KP,PK-$K-%KKP
6~.$6$P,KKKK~C%*CP,*K-$K-%KKP
$C.P%$P,KKKK*C~CPP,~K-$K-%KKP
$:.K%$P,KKKKK*P$6C,%K-$K-%KKP
$%.C%$P,KKKK$%%:#C,#K-$K-%KKP
~*.6%$P,KKKKPP~KCP,:K-$K-%KKP
~%.**$P,KKKKC6%*PP,KC-$K-%KKP
PP.P6$P,KKKK$$$P%C,CC-$K-%KKP
~~.6~$P,KKKK$~C~:C,~C-$K-%KKP
:P.$P$P,KKKK6%%#CP,$C-$K-%KKP
P~.%~$P,KKKK$KC6KP,6C-$K-%KKP
#*.:*$P,KKKK:#~P:C,%C-$K-%KKP
$~.#$$P,KKKK*:6::C,#C-$K-%KKP
:%.#%$P,KKKKPP~%:C,CP-$K-%KKP
PK.##$P,KKKK$:*~:C,PP-$K-%KKP
$K.%%$P,KKKK6KCCKP,*P-$K-%KKP
P:.%*$P,KKKK$#K$*P,~P-$K-%KKP
:C.%$$P,KKKKK%:$$C,$P-$K-%KKP
6K.P%$P,KKKKKKC$6C,:P-$K-%KKP
:$.P:$P,KKKK$C:6:C,K*-$K-%KKP
P$.~K6P,KKKK$#6#PP,C*-$K-%KKP
P:.*C6P,KKKK*KK##C,CK-6K-%KKP
:P.#C6P,KKKKPP%~:C,~K-6K-%KKP
*P.CC6P,KKKKC#P#CP,$K-6K-%KKP
#C.%#$P,KKKK*~*6CP,6K-6K-%KKP
#*.C~$P,KKKK~P6C%P,%K-6K-%KKP
~$.*%$P,KKKK*C#K:C,#K-6K-%KKP
$C.P%$P,KKKK#:~C6C,CC-6K-%KKP
%%.:~$P,KKKKCP%~KP,PC-6K-%KKP
C*.P#$P,KKKKC66#KP,*C-6K-%KKP
C~.::$P,KKKKPP6*:C,~C-6K-%KKP
C%.6P6P,KKKK$%KP~P,$C-6K-%KKP
K6.6P6P,KKKKPC%C%C,#C-6K-%KKP
6%.6P6P,KKKK##C%#C,:C-6K-%KKP
6:.::$P,KKKK6P*:%P,KP-6K-%KKP
6:.6C6P,KKKK~6P6$P,CP-6K-%KKP
6:.##$P,KKKK$*K~P*,PP-6K-%KKP
#K.%%$P,KKKKCK:*KP,$P-6K-%KKP
6C.~%$P,KKKK**KKCP,6P-6K-%KKP
$*.$K6P,KKKK6PKPKP,%P-6K-%KKP
%*.#K6P,KKKKC~*P:C,#P-6K-%KKP
*P.*K6P,KKKKP~#6CP,:P-6K-%KKP
K*.P*6P,KKKK~#*$#C,PK-%K-%KKP
$:.~~6P,KKKKPC:#KC,*K-%K-%KKP
$6.6$6P,KKKK*$~:6C,$K-%K-%KKP
C$.666P,KKKKCC%:$C,6K-%K-%KKP
PK.K%6P,KKKKKP$:#C,:K-%K-%KKP
6C.:*6P,KKKK~*:PPP,KC-%K-%KKP
:%.C$6P,KKKK6P~CKP,CC-%K-%KKP
*%.CK%P,KKKK$*66CP,PC-%K-%KKP
KK.%K%P,KKKK:C:P%C,*C-%K-%KKP
**.%:6P,KKKK6KC$%C,6C-%K-%KKP
:P.PC%P,KKKK:6#$CP,%C-%K-%KKP
:~.::6P,KKKK#*%$PP,#C-%K-%KKP
~K.KP%P,KKKKK$%%CP,:C-%K-%KKP
K6.%#6P,KKKKP:$**P,KP-%K-%KKP
#$.K:6P,KKKK#K~*KP,*P-%K-%KKP
6#.:*6P,KKKK%P*6~P,~P-%K-%KKP
%C.#~6P,KKKK$PP#~P,$P-%K-%KKP
~*.::$P,KKKK~CP:**,6P-%K-%KKP
~P.P6$P,KKKK:P$K%P,%P-%K-%KKP
#P.*#$P,KKKKC%C:PP,K*-%K-%KKP
%P.6~$P,KKKK*C:#%P,C*-%K-%KKP
%#.*$$P,KKKK%PPC:P,CK-#K-%KKP
#:.$%$P,KKKK%:6$~P,PK-#K-%KKP
$P.CC$P,KKKK*~~K$P,*K-#K-%KKP
**.%~$P,KKKK6$$C#P,6K-#K-%KKP
K6.C6$P,KKKK*K~K%P,%K-#K-%KKP
#:.PC6P,KKKK:#P~$*,#K-#K-%KKP
:~.6$$P,KKKK$~*:$*,:K-#K-%KKP
:#.~~$P,KKKK%$PKP*,KC-#K-%KKP
~P.P~$P,KKKK$%~$CP,*C-#K-%KKP
PC.::~P,KKKK6#P#:C,~C-#K-%KKP
*#.#$~P,KKKK%#:$PP,$C-#K-%KKP
%K.C$~P,KKKKP6:%P*,6C-#K-%KKP
*K.$K$P,KKKK~*K#$P,%C-#K-%KKP
:$.#K$P,KKKK~~6$6C,KP-#K-%KKP
K*.CP$P,KKKK#K%%6C,CP-#K-%KKP
K#.P$$P,KKKK6K%#%C,PP-#K-%KKP
K%.C~$P,KKKK##PP6C,*P-#K-%KKP
:6.6%$P,KKKK6#~P6C,~P-#K-%KKP
$P.C6$P,KKKK*K~C*C,%P-#K-%KKP
~6.KK$P,KKKKK#P6$C,#P-#K-%KKP
6C.*6$P,KKKKP%:~6C,:P-#K-%KKP
K*.$6$P,KKKKC:~K%C,K*-#K-%KKP
6*.6:$P,KKKK~66*$C,C*-#K-%KKP
~P.K*6P,KKKK:K*6#C,~K-:K-%KKP
$:.$K6P,KKKKP#CP:C,$K-:K-%KKP
P*.~C6P,KKKKPP$:%C,6K-:K-%KKP
K%.$6$P,KKKKP$6K:C,%K-:K-%KKP
CC.:$$P,KKKK*~C%%C,KC-:K-%KKP
%~.%:$P,KKKK*%*~%C,CC-:K-%KKP
%K.P:$P,KKKK%$###C,PC-:K-%KKP
6K.CK6P,KKKKC$666C,*C-:K-%KKP
#C.PK6P,KKKK#$6#$C,~C-:K-%KKP
66.C#$P,KKKK#%%K~C,%C-:K-%KKP
66.C$6P,KKKKP6*#KP,#C-:K-%KKP
#~.666P,KKKKC#*#CP,:C-:K-%KKP
:P.~$6P,KKKK6~C$%C,KP-:K-%KKP
PP.C%6P,KKKKK*#6PP,CP-:K-%KKP
$:.%66P,KKKK$:#~#C,~P-:K-%KKP
$~.*#6P,KKKK:#KC:C,$P-:K-%KKP
*K.::6P,KKKKCK~#:C,6P-:K-%KKP
:$.:K%P,KKKK%K$~%C,%P-:K-%KKP
K$.CK%P,KKKK:#:P:C,#P-:K-%KKP
::.K~%P,KKKK#K~C:C,CK-KC-%KKP
CC.%~%P,KKKK6~K~%C,PK-KC-%KKP
*~.:P%P,KKKK:KC$#C,*K-KC-%KKP
%$.**%P,KKKKP$$:6C,~K-KC-%KKP
P*.K#%P,KKKK6#PCKP,$K-KC-%KKP
%*.%#%P,KKKKC66:~C,#K-KC-%KKP
C:.*K#P,KKKKPC$6#C,:K-KC-%KKP
C6.CC#P,KKKK*66C:C,KC-KC-%KKP
KP.P%%P,KKKK:6#K$P,CC-KC-%KKP
#6.$K#P,KKKK:%%$:C,PC-KC-%KKP
$K.K#%P,KKKKPC%6:C,$C-KC-%KKP
C:.*6%P,KKKKP$#*KP,6C-KC-%KKP
%6.P:%P,KKKK#KKK~P,%C-KC-%KKP
C*.::%P,KKKKCK*%:C,#C-KC-%KKP
6C.$P%P,KKKK$6C%*P,:C-KC-%KKP
*:.*$%P,KKKKC%#$:C,PP-KC-%KKP
6P.::%P,KKKK%%$**P,*P-KC-%KKP
6%.~%%P,KKKK#6:*%P,~P-KC-%KKP
6#.K$%P,KKKK6**$%P,$P-KC-%KKP
:C.~K#P,KKKK#6*#$P,6P-KC-%KKP
~~.%C#P,KKKK*%~CKP,:P-KC-%KKP
C%.6C#P,KKKK*:CPCP,K*-KC-%KKP
PC.:$#P,KKKK*$~*$P,C*-KC-%KKP
*#.~:%P,KKKKC~#P$P,CK-CC-%KKP
#*.KC#P,KKKK$K6P~P,PK-CC-%KKP
#C.$:%P,KKKK:$P:KP,$K-CC-%KKP
#C.$P#P,KKKK6CP#~P,6K-CC-%KKP
6%.#~%P,KKKK#CC:~P,%K-CC-%KKP
KK.6:6P,KKKKC#C6~*,#K-CC-%KKP
~:.%P6P,KKKK:%$$:P,:K-CC-%KKP
*C.~#$P,KKKK~%KP#P,PC-CC-%KKP
$6.*%6P,KKKK#%P66P,*C-CC-%KKP
P*.~~6P,KKKK6PKP~P,~C-CC-%KKP
C$.#C6P,KKKK#~:#PP,$C-CC-%KKP
~P.%*6P,KKKK#6$C$P,6C-CC-%KKP
#*.*:$P,KKKKCK##CP,:C-CC-%KKP
C#.6:$P,KKKK%*%K6P,KP-CC-%KKP
$C.P6$P,KKKK*%~*KP,CP-CC-%KKP
K6.6:$P,KKKK**~K#,*P-CC-%KKP
::.K~$P,KKKKK~:CKP,6P-CC-%KKP
K#.K#$P,KKKK*:66CP,%P-CC-%KKP
C:.P66P,KKKK#$#C$P,#P-CC-%KKP
*C.#66P,KKKK%C%$CP,:P-CC-%KKP
6:.K66P,KKKK~*C%$P,K*-CC-%KKP
*C.%*6P,KKKKC%~::C,*K-PC-%KKP
*#.:C6P,KKKK~%~~KP,~K-PC-%KKP
6*.666P,KKKK~##$PP,$K-PC-%KKP
*K.:K%P,KKKK#6K%:C,6K-PC-%KKP
6C.6K%P,KKKK%K$$#C,%K-PC-%KKP
$:.#C%P,KKKK~$6%%C,KC-PC-%KKP
$*.P$6P,KKKKKP$:CP,CC-PC-%KKP
~C.C%6P,KKKKK:CC*P,PC-PC-%KKP
:~.#66P,KKKK6%*~CP,*C-PC-%KKP
~%.$*6P,KKKK:*PK:C,~C-PC-%KKP
6~.~%$P,KKKKCC*%#C,%C-PC-%KKP
*K.6:$P,KKKK:$P#:C,#C-PC-%KKP
CK.CK6P,KKKKP:$*#C,:C-PC-%KKP
6#.K~6P,KKKK%~K6:C,KP-PC-%KKP
::.C:6P,KKKKK##K$P,CP-PC-%KKP
K$.*C%P,KKKKP6#%%,~P-PC-%KKP
C~.~P%P,KKKK*#C~PC,6P-PC-%KKP
:%.6%6P,KKKKP#~P*P,%P-PC-%KKP
6~.~%6P,KKKK$##**C,#P-PC-%KKP
#P.P$6P,KKKK$$~$~C,C*-PC-%KKP
*6.:K6P,KKKK:66%KP,PK-CK-#KKP
#6.PK6P,KKKKKPK%:C,*K-CK-#KKP
$6.~K$P,KKKKC*6C$P,~K-CK-#KKP
6~.::~P,KKKKKCKK6P,%K-CK-#KKP
C$.K~~P,KKKK#~66$P,#K-CK-#KKP
$$.~%~P,KKKK6CCP#P,:K-CK-#KKP
P$.##~P,KKKKK~K~6P,KC-CK-#KKP
~:.:*~P,KKKK:~$$*P,CC-CK-#KKP
K*.#%~P,KKKK*P~*CP,~C-CK-#KKP
:$.%C~P,KKKKPCK:*P,$C-CK-#KKP
:$.~:*P,KKKK**%:**,6C-CK-#KKP
K:.6~*P,KKKK*:$#%P,%C-CK-#KKP
PK.K~*P,KKKK6*C::P,#C-CK-#KKP
%P.P:PP,KKKK*~C6C*,PP-CK-#KKP
C~.6C*P,KKKK$PK$6*,*P-CK-#KKP
P:.K6*P,KKKKK:#P:P,~P-CK-#KKP
KP.6P*P,KKKKC~::$P,$P-CK-#KKP
C:.:~*P,KKKK6#**KP,#P-CK-#KKP
6K.#$*P,KKKK~KK6CP,:P-CK-#KKP
KK.:~*P,KKKK$##C6P,K*-CK-#KKP
6#.:#*P,KKKKP~*C#P,C*-CK-#KKP
6*.*C~P,KKKK#CK6K*,CK-PK-#KKP
$#.P#*P,KKKK~:K$KP,~K-PK-#KKP
%$.:K*P,KKKKP#CK$P,$K-PK-#KKP
$%.#%PP,KKKKPKP6*P,6K-PK-#KKP
*K.*:PP,KKKK6*6~:P,%K-PK-#KKP
$#.~K*P,KKKK**:PPP,#K-PK-#KKP
6K.KP*P,KKKK%PP%KP,CC-PK-#KKP
~K.KP*P,KKKK*$*#CP,PC-PK-#KKP
*:.*%*P,KKKK%6~%CP,*C-PK-#KKP
~$.P**P,KKKK#$%6PP,~C-PK-#KKP
K#.CP*P,KKKK~$:::C,$C-PK-#KKP
KP.6K*P,KKKK:6##:C,:C-PK-#KKP
KC.%P*P,KKKK#C#$PP,KP-PK-#KKP
#%.::PP,KKKK~$%%PP,CP-PK-#KKP
$*.*K*P,KKKK$~~P*P,PP-PK-#KKP
#~.%P*P,KKKK##P$CP,$P-PK-#KKP
::.~~*P,KKKK$6*6PP,6P-PK-#KKP
#%.*$*P,KKKK~$6CPP,%P-PK-#KKP
%$.C**P,KKKK~KP*KP,#P-PK-#KKP
#~.C%PP,KKKK6*$K~P,:P-PK-#KKP
K6.#$PP,KKKK%K$~CP,*K-*K-#KKP
#P.K6PP,KKKK#::66P,~K-*K-#KKP
C#.P%PP,KKKK:K:KPP,$K-*K-#KKP
K$.KPPP,KKKK:K$6CP,6K-*K-#KKP
:~.PCPP,KKKK#:6#*P,%K-*K-#KKP
~*.:6CP,KKKKCKCKCP,KC-*K-#KKP
6%.$$PP,KKKK~K6P$P,CC-*K-#KKP
%#.*~PP,KKKK~C%%KP,PC-*K-#KKP
C6.*6PP,KKKKPP:C~P,*C-*K-#KKP
:~.PCPP,KKKKC*%~$P,~C-*K-#KKP
CK.%%CP,KKKKCP#**P,%C-*K-#KKP
6P.#6PP,KKKK*6CC~P,#C-*K-#KKP
6:.:KPP,KKKKP~$6PP,:C-*K-#KKP
CC.#$PP,KKKK#~~6%P,KP-*K-#KKP
$%.6P*P,KKKKK6PC*P,~P-*K-#KKP
$K.C~*P,KKKK6K::KP,$P-*K-#KKP
6*.~P*P,KKKKCP$C:C,6P-*K-#KKP
*#.K#PP,KKKK%%#*KP,%P-*K-#KKP
#C.C6PP,KKKK%%$#%C,#P-*K-#KKP
KC.:%PP,KKKK6*##%C,C*-*K-#KKP
$%.P6*P,KKKKPCK6CP,CK-~K-#KKP
K~.C6*P,KKKK#66::C,PK-~K-#KKP
K*.*6*P,KKKK#~*::C,*K-~K-#KKP
#:.K%*P,KKKK6$%%:C,~K-~K-#KKP
*#.~6*P,KKKKPKK*%C,%K-~K-#KKP
6%.#~*P,KKKK:P$*6C,#K-~K-#KKP
PC.PP*P,KKKK$KPP:C,:K-~K-#KKP
K%.C$*P,KKKKKK:$CP,KC-~K-#KKP
~P.K:PP,KKKK~$PK:C,CC-~K-#KKP
P#.$%PP,KKKKC%6P6C,~C-~K-#KKP
~K.6#PP,KKKK$%~##C,$C-~K-#KKP
CC.K$*P,KKKK%%#PCP,6C-~K-#KKP
*#.C~*P,KKKKK*:%%C,%C-~K-#KKP
%:.PK~P,KKKKP:K:CP,#C-~K-#KKP